Orthogroup	Duplications (all)	Duplications (50% support)
OG0000000	537	537
OG0000001	258	258
OG0000002	224	224
OG0000003	207	207
OG0000004	194	194
OG0000005	126	126
OG0000006	125	125
OG0000007	121	121
OG0000008	119	119
OG0000009	107	107
OG0000010	102	102
OG0000011	102	102
OG0000012	99	99
OG0000013	88	88
OG0000014	86	86
OG0000015	85	85
OG0000016	81	81
OG0000017	77	77
OG0000018	73	73
OG0000019	73	73
OG0000020	69	69
OG0000021	68	68
OG0000022	67	67
OG0000023	64	64
OG0000024	64	64
OG0000025	59	59
OG0000026	55	55
OG0000027	58	58
OG0000028	54	54
OG0000029	55	55
OG0000030	54	54
OG0000031	50	50
OG0000032	50	50
OG0000033	50	50
OG0000034	50	50
OG0000035	49	49
OG0000036	48	48
OG0000037	48	48
OG0000038	44	44
OG0000039	45	45
OG0000040	44	44
OG0000041	43	43
OG0000042	41	41
OG0000043	39	39
OG0000044	41	41
OG0000045	36	36
OG0000046	40	40
OG0000047	39	39
OG0000048	39	39
OG0000049	37	37
OG0000050	38	38
OG0000051	36	36
OG0000052	35	35
OG0000053	34	34
OG0000054	35	35
OG0000055	36	36
OG0000056	34	34
OG0000057	35	35
OG0000058	34	34
OG0000059	31	31
OG0000060	34	34
OG0000061	33	33
OG0000062	31	31
OG0000063	32	32
OG0000064	26	26
OG0000065	31	31
OG0000066	30	30
OG0000067	30	30
OG0000068	30	30
OG0000069	28	28
OG0000070	28	28
OG0000071	27	27
OG0000072	30	30
OG0000073	29	29
OG0000074	29	29
OG0000075	29	29
OG0000076	27	27
OG0000077	24	24
OG0000078	27	27
OG0000079	28	28
OG0000080	27	27
OG0000081	24	24
OG0000082	27	27
OG0000083	27	27
OG0000084	27	27
OG0000085	22	22
OG0000086	24	24
OG0000087	25	25
OG0000088	24	24
OG0000089	26	26
OG0000090	26	26
OG0000091	26	26
OG0000092	26	26
OG0000093	25	25
OG0000094	25	25
OG0000095	20	20
OG0000096	25	25
OG0000097	24	24
OG0000098	22	22
OG0000099	23	23
OG0000100	24	24
OG0000101	24	24
OG0000102	24	24
OG0000103	21	21
OG0000104	22	22
OG0000105	23	23
OG0000106	22	22
OG0000107	21	21
OG0000108	19	19
OG0000109	22	22
OG0000110	21	21
OG0000111	22	22
OG0000112	23	23
OG0000113	23	23
OG0000114	18	18
OG0000115	20	20
OG0000116	20	20
OG0000117	19	19
OG0000118	21	21
OG0000119	22	22
OG0000120	20	20
OG0000121	18	18
OG0000122	20	20
OG0000123	20	20
OG0000124	20	20
OG0000125	19	19
OG0000126	22	22
OG0000127	22	22
OG0000128	22	22
OG0000129	22	22
OG0000130	18	18
OG0000131	19	19
OG0000132	20	20
OG0000133	17	17
OG0000134	20	20
OG0000135	20	20
OG0000136	20	20
OG0000137	20	20
OG0000138	21	21
OG0000139	21	21
OG0000140	21	21
OG0000141	19	19
OG0000142	20	20
OG0000143	19	19
OG0000144	19	19
OG0000145	19	19
OG0000146	19	19
OG0000147	16	16
OG0000148	20	20
OG0000149	20	20
OG0000150	20	20
OG0000151	19	19
OG0000152	16	16
OG0000153	19	19
OG0000154	18	18
OG0000155	13	13
OG0000156	15	15
OG0000157	19	19
OG0000158	18	18
OG0000159	18	18
OG0000160	18	18
OG0000161	18	18
OG0000162	15	15
OG0000163	18	18
OG0000164	19	19
OG0000165	19	19
OG0000166	15	15
OG0000167	10	10
OG0000168	18	18
OG0000169	16	16
OG0000170	14	14
OG0000171	13	13
OG0000172	17	17
OG0000173	17	17
OG0000174	17	17
OG0000175	16	16
OG0000176	17	17
OG0000177	18	18
OG0000178	18	18
OG0000179	14	14
OG0000180	14	14
OG0000181	16	16
OG0000182	13	13
OG0000183	15	15
OG0000184	16	16
OG0000185	17	17
OG0000186	16	16
OG0000187	13	13
OG0000188	16	16
OG0000189	16	16
OG0000190	16	16
OG0000191	17	17
OG0000192	17	17
OG0000193	17	17
OG0000194	17	17
OG0000195	17	17
OG0000196	17	17
OG0000197	15	15
OG0000198	16	16
OG0000199	16	16
OG0000200	14	14
OG0000201	15	15
OG0000202	12	12
OG0000203	13	13
OG0000204	15	15
OG0000205	13	13
OG0000206	10	10
OG0000207	12	12
OG0000208	14	14
OG0000209	16	16
OG0000210	12	12
OG0000211	14	14
OG0000212	15	15
OG0000213	15	15
OG0000214	14	14
OG0000215	15	15
OG0000216	15	15
OG0000217	16	16
OG0000218	16	16
OG0000219	16	16
OG0000220	16	16
OG0000221	16	16
OG0000222	16	16
OG0000223	13	13
OG0000224	14	14
OG0000225	12	12
OG0000226	13	13
OG0000227	14	14
OG0000228	15	15
OG0000229	14	14
OG0000230	15	15
OG0000231	14	14
OG0000232	13	13
OG0000233	11	11
OG0000234	12	12
OG0000235	12	12
OG0000236	14	14
OG0000237	12	12
OG0000238	15	15
OG0000239	14	14
OG0000240	12	12
OG0000241	15	15
OG0000242	13	13
OG0000243	14	14
OG0000244	14	14
OG0000245	15	15
OG0000246	15	15
OG0000247	15	15
OG0000248	15	15
OG0000249	15	15
OG0000250	14	14
OG0000251	13	13
OG0000252	13	13
OG0000253	13	13
OG0000254	14	14
OG0000255	14	14
OG0000256	11	11
OG0000257	14	14
OG0000258	11	11
OG0000259	11	11
OG0000260	13	13
OG0000261	13	13
OG0000262	10	10
OG0000263	14	14
OG0000264	13	13
OG0000265	12	12
OG0000266	12	12
OG0000267	12	12
OG0000268	13	13
OG0000269	9	9
OG0000270	10	10
OG0000271	12	12
OG0000272	13	13
OG0000273	9	9
OG0000274	13	13
OG0000275	13	13
OG0000276	13	13
OG0000277	13	13
OG0000278	13	13
OG0000279	14	14
OG0000280	14	14
OG0000281	14	14
OG0000282	14	14
OG0000283	12	12
OG0000284	13	13
OG0000285	12	12
OG0000286	9	9
OG0000287	11	11
OG0000288	11	11
OG0000289	12	12
OG0000290	12	12
OG0000291	12	12
OG0000292	10	10
OG0000293	11	11
OG0000294	9	9
OG0000295	12	12
OG0000296	12	12
OG0000297	13	13
OG0000298	12	12
OG0000299	13	13
OG0000300	11	11
OG0000301	9	9
OG0000302	12	12
OG0000303	10	10
OG0000304	10	10
OG0000305	12	12
OG0000306	12	12
OG0000307	13	13
OG0000308	9	9
OG0000309	13	13
OG0000310	10	10
OG0000311	13	13
OG0000312	11	11
OG0000313	10	10
OG0000314	10	10
OG0000315	11	11
OG0000316	11	11
OG0000317	12	12
OG0000318	13	13
OG0000319	13	13
OG0000320	13	13
OG0000321	13	13
OG0000322	13	13
OG0000323	13	13
OG0000324	13	13
OG0000325	11	11
OG0000326	12	12
OG0000327	11	11
OG0000328	12	12
OG0000329	12	12
OG0000330	9	9
OG0000331	12	12
OG0000332	9	9
OG0000333	11	11
OG0000334	11	11
OG0000335	10	10
OG0000336	11	11
OG0000337	11	11
OG0000338	11	11
OG0000339	11	11
OG0000340	10	10
OG0000341	11	11
OG0000342	12	12
OG0000343	12	12
OG0000344	11	11
OG0000345	7	7
OG0000346	9	9
OG0000347	10	10
OG0000348	12	12
OG0000349	9	9
OG0000350	11	11
OG0000351	12	12
OG0000352	7	7
OG0000353	9	9
OG0000354	11	11
OG0000355	8	8
OG0000356	11	11
OG0000357	11	11
OG0000358	10	10
OG0000359	9	9
OG0000360	9	9
OG0000361	9	9
OG0000362	12	12
OG0000363	10	10
OG0000364	9	9
OG0000365	8	8
OG0000366	10	10
OG0000367	10	10
OG0000368	9	9
OG0000369	10	10
OG0000370	10	10
OG0000371	11	11
OG0000372	11	11
OG0000373	11	11
OG0000374	11	11
OG0000375	9	9
OG0000376	12	12
OG0000377	12	12
OG0000378	12	12
OG0000379	12	12
OG0000380	12	12
OG0000381	12	12
OG0000382	10	10
OG0000383	11	11
OG0000384	11	11
OG0000385	11	11
OG0000386	11	11
OG0000387	9	9
OG0000388	10	10
OG0000389	10	10
OG0000390	9	9
OG0000391	10	10
OG0000392	9	9
OG0000393	10	10
OG0000394	10	10
OG0000395	8	8
OG0000396	9	9
OG0000397	9	9
OG0000398	11	11
OG0000399	8	8
OG0000400	8	8
OG0000401	10	10
OG0000402	9	9
OG0000403	7	7
OG0000404	9	9
OG0000405	10	10
OG0000406	11	11
OG0000407	9	9
OG0000408	8	8
OG0000409	6	6
OG0000410	10	10
OG0000411	7	7
OG0000412	10	10
OG0000413	11	11
OG0000414	9	9
OG0000415	10	10
OG0000416	11	11
OG0000417	9	9
OG0000418	10	10
OG0000419	11	11
OG0000420	10	10
OG0000421	10	10
OG0000422	10	10
OG0000423	9	9
OG0000424	10	10
OG0000425	10	10
OG0000426	10	10
OG0000427	10	10
OG0000428	8	8
OG0000429	9	9
OG0000430	10	10
OG0000431	10	10
OG0000432	10	10
OG0000433	10	10
OG0000434	11	11
OG0000435	10	10
OG0000436	10	10
OG0000437	10	10
OG0000438	8	8
OG0000439	10	10
OG0000440	7	7
OG0000441	10	10
OG0000442	10	10
OG0000443	11	11
OG0000444	11	11
OG0000445	11	11
OG0000446	11	11
OG0000447	11	11
OG0000448	9	9
OG0000449	10	10
OG0000450	9	9
OG0000451	10	10
OG0000452	10	10
OG0000453	8	8
OG0000454	10	10
OG0000455	7	7
OG0000456	10	10
OG0000457	9	9
OG0000458	10	10
OG0000459	7	7
OG0000460	7	7
OG0000461	8	8
OG0000462	9	9
OG0000463	9	9
OG0000464	10	10
OG0000465	9	9
OG0000466	7	7
OG0000467	9	9
OG0000468	9	9
OG0000469	9	9
OG0000470	9	9
OG0000471	10	10
OG0000472	10	10
OG0000473	8	8
OG0000474	10	10
OG0000475	5	5
OG0000476	10	10
OG0000477	8	8
OG0000478	6	6
OG0000479	7	7
OG0000480	7	7
OG0000481	6	6
OG0000482	8	8
OG0000483	9	9
OG0000484	9	9
OG0000485	6	6
OG0000486	7	7
OG0000487	7	7
OG0000488	7	7
OG0000489	8	8
OG0000490	10	10
OG0000491	9	9
OG0000492	7	7
OG0000493	6	6
OG0000494	10	10
OG0000495	5	5
OG0000496	10	10
OG0000497	8	8
OG0000498	9	9
OG0000499	9	9
OG0000500	8	8
OG0000501	7	7
OG0000502	8	8
OG0000503	8	8
OG0000504	8	8
OG0000505	8	8
OG0000506	8	8
OG0000507	8	8
OG0000508	9	9
OG0000509	9	9
OG0000510	9	9
OG0000511	9	9
OG0000512	9	9
OG0000513	9	9
OG0000514	9	9
OG0000515	9	9
OG0000516	10	10
OG0000517	10	10
OG0000518	10	10
OG0000519	10	10
OG0000520	10	10
OG0000521	10	10
OG0000522	10	10
OG0000523	10	10
OG0000524	10	10
OG0000525	10	10
OG0000526	8	8
OG0000527	7	7
OG0000528	9	9
OG0000529	9	9
OG0000530	8	8
OG0000531	7	7
OG0000532	6	6
OG0000533	8	8
OG0000534	8	8
OG0000535	9	9
OG0000536	9	9
OG0000537	8	8
OG0000538	8	8
OG0000539	9	9
OG0000540	9	9
OG0000541	5	5
OG0000542	8	8
OG0000543	5	5
OG0000544	6	6
OG0000545	7	7
OG0000546	6	6
OG0000547	4	4
OG0000548	6	6
OG0000549	4	4
OG0000550	7	7
OG0000551	6	6
OG0000552	7	7
OG0000553	6	6
OG0000554	6	6
OG0000555	6	6
OG0000556	8	8
OG0000557	7	7
OG0000558	7	7
OG0000559	9	9
OG0000560	9	9
OG0000561	8	8
OG0000562	8	8
OG0000563	8	8
OG0000564	8	8
OG0000565	6	6
OG0000566	8	8
OG0000567	8	8
OG0000568	7	7
OG0000569	8	8
OG0000570	5	5
OG0000571	8	8
OG0000572	8	8
OG0000573	6	6
OG0000574	5	5
OG0000575	7	7
OG0000576	6	6
OG0000577	8	8
OG0000578	8	8
OG0000579	8	8
OG0000580	6	6
OG0000581	8	8
OG0000582	8	8
OG0000583	5	5
OG0000584	6	6
OG0000585	9	9
OG0000586	6	6
OG0000587	8	8
OG0000588	6	6
OG0000589	7	7
OG0000590	6	6
OG0000591	8	8
OG0000592	5	5
OG0000593	8	8
OG0000594	8	8
OG0000595	7	7
OG0000596	8	8
OG0000597	9	9
OG0000598	9	9
OG0000599	9	9
OG0000600	9	9
OG0000601	9	9
OG0000602	9	9
OG0000603	9	9
OG0000604	9	9
OG0000605	9	9
OG0000606	9	9
OG0000607	9	9
OG0000608	9	9
OG0000609	9	9
OG0000610	9	9
OG0000611	9	9
OG0000612	7	7
OG0000613	6	6
OG0000614	8	8
OG0000615	6	6
OG0000616	7	7
OG0000617	8	8
OG0000618	6	6
OG0000619	8	8
OG0000620	8	8
OG0000621	7	7
OG0000622	6	6
OG0000623	8	8
OG0000624	8	8
OG0000625	6	6
OG0000626	6	6
OG0000627	7	7
OG0000628	6	6
OG0000629	8	8
OG0000630	6	6
OG0000631	7	7
OG0000632	5	5
OG0000633	7	7
OG0000634	5	5
OG0000635	7	7
OG0000636	4	4
OG0000637	7	7
OG0000638	7	7
OG0000639	8	8
OG0000640	7	7
OG0000641	6	6
OG0000642	6	6
OG0000643	7	7
OG0000644	8	8
OG0000645	6	6
OG0000646	4	4
OG0000647	7	7
OG0000648	7	7
OG0000649	7	7
OG0000650	6	6
OG0000651	5	5
OG0000652	7	7
OG0000653	6	6
OG0000654	5	5
OG0000655	6	6
OG0000656	4	4
OG0000657	7	7
OG0000658	6	6
OG0000659	6	6
OG0000660	5	5
OG0000661	5	5
OG0000662	7	7
OG0000663	4	4
OG0000664	5	5
OG0000665	5	5
OG0000666	7	7
OG0000667	7	7
OG0000668	7	7
OG0000669	7	7
OG0000670	5	5
OG0000671	6	6
OG0000672	4	4
OG0000673	7	7
OG0000674	6	6
OG0000675	5	5
OG0000676	7	7
OG0000677	8	8
OG0000678	7	7
OG0000679	8	8
OG0000680	5	5
OG0000681	8	8
OG0000682	5	5
OG0000683	8	8
OG0000684	6	6
OG0000685	7	7
OG0000686	8	8
OG0000687	6	6
OG0000688	4	4
OG0000689	8	8
OG0000690	5	5
OG0000691	7	7
OG0000692	6	6
OG0000693	4	4
OG0000694	6	6
OG0000695	7	7
OG0000696	6	6
OG0000697	8	8
OG0000698	6	6
OG0000699	8	8
OG0000700	7	7
OG0000701	7	7
OG0000702	7	7
OG0000703	7	7
OG0000704	5	5
OG0000705	6	6
OG0000706	6	6
OG0000707	5	5
OG0000708	7	7
OG0000709	5	5
OG0000710	7	7
OG0000711	7	7
OG0000712	6	6
OG0000713	6	6
OG0000714	7	7
OG0000715	7	7
OG0000716	5	5
OG0000717	7	7
OG0000718	7	7
OG0000719	7	7
OG0000720	8	8
OG0000721	7	7
OG0000722	7	7
OG0000723	7	7
OG0000724	7	7
OG0000725	7	7
OG0000726	7	7
OG0000727	7	7
OG0000728	8	8
OG0000729	7	7
OG0000730	7	7
OG0000731	6	6
OG0000732	6	6
OG0000733	7	7
OG0000734	6	6
OG0000735	7	7
OG0000736	6	6
OG0000737	7	7
OG0000738	6	6
OG0000739	7	7
OG0000740	5	5
OG0000741	7	7
OG0000742	8	8
OG0000743	8	8
OG0000744	8	8
OG0000745	8	8
OG0000746	8	8
OG0000747	8	8
OG0000748	8	8
OG0000749	8	8
OG0000750	6	6
OG0000751	6	6
OG0000752	5	5
OG0000753	7	7
OG0000754	7	7
OG0000755	6	6
OG0000756	6	6
OG0000757	6	6
OG0000758	6	6
OG0000759	5	5
OG0000760	6	6
OG0000761	6	6
OG0000762	5	5
OG0000763	6	6
OG0000764	6	6
OG0000765	5	5
OG0000766	7	7
OG0000767	7	7
OG0000768	7	7
OG0000769	7	7
OG0000770	6	6
OG0000771	5	5
OG0000772	6	6
OG0000773	5	5
OG0000774	4	4
OG0000775	6	6
OG0000776	6	6
OG0000777	6	6
OG0000778	6	6
OG0000779	7	7
OG0000780	7	7
OG0000781	5	5
OG0000782	5	5
OG0000783	5	5
OG0000784	6	6
OG0000785	6	6
OG0000786	7	7
OG0000787	6	6
OG0000788	7	7
OG0000789	7	7
OG0000790	4	4
OG0000791	6	6
OG0000792	6	6
OG0000793	5	5
OG0000794	4	4
OG0000795	5	5
OG0000796	6	6
OG0000797	6	6
OG0000798	5	5
OG0000799	3	3
OG0000800	6	6
OG0000801	4	4
OG0000802	4	4
OG0000803	6	6
OG0000804	7	7
OG0000805	4	4
OG0000806	7	7
OG0000807	4	4
OG0000808	6	6
OG0000809	4	4
OG0000810	7	7
OG0000811	5	5
OG0000812	4	4
OG0000813	5	5
OG0000814	6	6
OG0000815	6	6
OG0000816	3	3
OG0000817	4	4
OG0000818	4	4
OG0000819	4	4
OG0000820	5	5
OG0000821	6	6
OG0000822	6	6
OG0000823	3	3
OG0000824	5	5
OG0000825	5	5
OG0000826	6	6
OG0000827	5	5
OG0000828	3	3
OG0000829	6	6
OG0000830	5	5
OG0000831	6	6
OG0000832	6	6
OG0000833	7	7
OG0000834	5	5
OG0000835	7	7
OG0000836	4	4
OG0000837	5	5
OG0000838	4	4
OG0000839	6	6
OG0000840	6	6
OG0000841	5	5
OG0000842	7	7
OG0000843	6	6
OG0000844	7	7
OG0000845	6	6
OG0000846	4	4
OG0000847	5	5
OG0000848	6	6
OG0000849	7	7
OG0000850	6	6
OG0000851	6	6
OG0000852	4	4
OG0000853	5	5
OG0000854	5	5
OG0000855	4	4
OG0000856	4	4
OG0000857	4	4
OG0000858	3	3
OG0000859	5	5
OG0000860	4	4
OG0000861	4	4
OG0000862	6	6
OG0000863	6	6
OG0000864	4	4
OG0000865	6	6
OG0000866	7	7
OG0000867	5	5
OG0000868	4	4
OG0000869	4	4
OG0000870	6	6
OG0000871	6	6
OG0000872	4	4
OG0000873	4	4
OG0000874	6	6
OG0000875	5	5
OG0000876	6	6
OG0000877	4	4
OG0000878	6	6
OG0000879	6	6
OG0000880	6	6
OG0000881	7	7
OG0000882	7	7
OG0000883	6	6
OG0000884	6	6
OG0000885	5	5
OG0000886	7	7
OG0000887	6	6
OG0000888	6	6
OG0000889	6	6
OG0000890	6	6
OG0000891	6	6
OG0000892	5	5
OG0000893	6	6
OG0000894	7	7
OG0000895	4	4
OG0000896	6	6
OG0000897	4	4
OG0000898	5	5
OG0000899	5	5
OG0000900	5	5
OG0000901	5	5
OG0000902	6	6
OG0000903	3	3
OG0000904	6	6
OG0000905	4	4
OG0000906	5	5
OG0000907	6	6
OG0000908	5	5
OG0000909	5	5
OG0000910	4	4
OG0000911	4	4
OG0000912	6	6
OG0000913	4	4
OG0000914	4	4
OG0000915	6	6
OG0000916	6	6
OG0000917	6	6
OG0000918	5	5
OG0000919	6	6
OG0000920	6	6
OG0000921	5	5
OG0000922	6	6
OG0000923	6	6
OG0000924	6	6
OG0000925	5	5
OG0000926	5	5
OG0000927	6	6
OG0000928	6	6
OG0000929	4	4
OG0000930	4	4
OG0000931	6	6
OG0000932	6	6
OG0000933	6	6
OG0000934	6	6
OG0000935	6	6
OG0000936	6	6
OG0000937	6	6
OG0000938	6	6
OG0000939	7	7
OG0000940	7	7
OG0000941	7	7
OG0000942	7	7
OG0000943	7	7
OG0000944	7	7
OG0000945	7	7
OG0000946	7	7
OG0000947	7	7
OG0000948	7	7
OG0000949	7	7
OG0000950	7	7
OG0000951	7	7
OG0000952	7	7
OG0000953	7	7
OG0000954	7	7
OG0000955	7	7
OG0000956	7	7
OG0000957	7	7
OG0000958	7	7
OG0000959	7	7
OG0000960	7	7
OG0000961	7	7
OG0000962	7	7
OG0000963	7	7
OG0000964	7	7
OG0000965	5	5
OG0000966	5	5
OG0000967	5	5
OG0000968	5	5
OG0000969	5	5
OG0000970	5	5
OG0000971	5	5
OG0000972	5	5
OG0000973	5	5
OG0000974	5	5
OG0000975	5	5
OG0000976	6	6
OG0000977	3	3
OG0000978	4	4
OG0000979	5	5
OG0000980	3	3
OG0000981	5	5
OG0000982	5	5
OG0000983	5	5
OG0000984	6	6
OG0000985	4	4
OG0000986	5	5
OG0000987	3	3
OG0000988	3	3
OG0000989	3	3
OG0000990	3	3
OG0000991	4	4
OG0000992	3	3
OG0000993	5	5
OG0000994	6	6
OG0000995	4	4
OG0000996	4	4
OG0000997	6	6
OG0000998	5	5
OG0000999	5	5
OG0001000	4	4
OG0001001	5	5
OG0001002	6	6
OG0001003	4	4
OG0001004	4	4
OG0001005	3	3
OG0001006	5	5
OG0001007	6	6
OG0001008	5	5
OG0001009	6	6
OG0001010	4	4
OG0001011	3	3
OG0001012	6	6
OG0001013	3	3
OG0001014	3	3
OG0001015	6	6
OG0001016	5	5
OG0001017	4	4
OG0001018	5	5
OG0001019	4	4
OG0001020	5	5
OG0001021	4	4
OG0001022	5	5
OG0001023	3	3
OG0001024	4	4
OG0001025	4	4
OG0001026	5	5
OG0001027	6	6
OG0001028	3	3
OG0001029	4	4
OG0001030	4	4
OG0001031	4	4
OG0001032	3	3
OG0001033	5	5
OG0001034	5	5
OG0001035	4	4
OG0001036	5	5
OG0001037	4	4
OG0001038	5	5
OG0001039	4	4
OG0001040	6	6
OG0001041	5	5
OG0001042	3	3
OG0001043	6	6
OG0001044	4	4
OG0001045	5	5
OG0001046	5	5
OG0001047	5	5
OG0001048	5	5
OG0001049	4	4
OG0001050	5	5
OG0001051	5	5
OG0001052	6	6
OG0001053	6	6
OG0001054	4	4
OG0001055	4	4
OG0001056	4	4
OG0001057	4	4
OG0001058	5	5
OG0001059	4	4
OG0001060	4	4
OG0001061	3	3
OG0001062	4	4
OG0001063	6	6
OG0001064	5	5
OG0001065	5	5
OG0001066	5	5
OG0001067	5	5
OG0001068	5	5
OG0001069	5	5
OG0001070	5	5
OG0001071	5	5
OG0001072	4	4
OG0001073	3	3
OG0001074	6	6
OG0001075	4	4
OG0001076	5	5
OG0001077	5	5
OG0001078	5	5
OG0001079	5	5
OG0001080	6	6
OG0001081	3	3
OG0001082	5	5
OG0001083	5	5
OG0001084	5	5
OG0001085	5	5
OG0001086	5	5
OG0001087	4	4
OG0001088	3	3
OG0001089	5	5
OG0001090	6	6
OG0001091	3	3
OG0001092	4	4
OG0001093	5	5
OG0001094	6	6
OG0001095	6	6
OG0001096	4	4
OG0001097	3	3
OG0001098	6	6
OG0001099	3	3
OG0001100	4	4
OG0001101	5	5
OG0001102	5	5
OG0001103	6	6
OG0001104	3	3
OG0001105	4	4
OG0001106	3	3
OG0001107	3	3
OG0001108	3	3
OG0001109	3	3
OG0001110	5	5
OG0001111	5	5
OG0001112	3	3
OG0001113	5	5
OG0001114	4	4
OG0001115	5	5
OG0001116	4	4
OG0001117	5	5
OG0001118	3	3
OG0001119	5	5
OG0001120	4	4
OG0001121	5	5
OG0001122	3	3
OG0001123	3	3
OG0001124	3	3
OG0001125	4	4
OG0001126	4	4
OG0001127	5	5
OG0001128	5	5
OG0001129	5	5
OG0001130	4	4
OG0001131	5	5
OG0001132	4	4
OG0001133	3	3
OG0001134	5	5
OG0001135	5	5
OG0001136	5	5
OG0001137	5	5
OG0001138	4	4
OG0001139	4	4
OG0001140	5	5
OG0001141	4	4
OG0001142	4	4
OG0001143	4	4
OG0001144	4	4
OG0001145	5	5
OG0001146	4	4
OG0001147	4	4
OG0001148	5	5
OG0001149	4	4
OG0001150	3	3
OG0001151	3	3
OG0001152	5	5
OG0001153	5	5
OG0001154	6	6
OG0001155	5	5
OG0001156	5	5
OG0001157	6	6
OG0001158	4	4
OG0001159	3	3
OG0001160	3	3
OG0001161	4	4
OG0001162	4	4
OG0001163	5	5
OG0001164	5	5
OG0001165	4	4
OG0001166	3	3
OG0001167	5	5
OG0001168	5	5
OG0001169	5	5
OG0001170	4	4
OG0001171	4	4
OG0001172	5	5
OG0001173	3	3
OG0001174	3	3
OG0001175	5	5
OG0001176	4	4
OG0001177	5	5
OG0001178	5	5
OG0001179	4	4
OG0001180	4	4
OG0001181	3	3
OG0001182	5	5
OG0001183	5	5
OG0001184	5	5
OG0001185	4	4
OG0001186	4	4
OG0001187	4	4
OG0001188	6	6
OG0001189	4	4
OG0001190	5	5
OG0001191	4	4
OG0001192	5	5
OG0001193	4	4
OG0001194	5	5
OG0001195	5	5
OG0001196	4	4
OG0001197	5	5
OG0001198	4	4
OG0001199	3	3
OG0001200	5	5
OG0001201	3	3
OG0001202	5	5
OG0001203	3	3
OG0001204	6	6
OG0001205	6	6
OG0001206	5	5
OG0001207	4	4
OG0001208	5	5
OG0001209	5	5
OG0001210	5	5
OG0001211	5	5
OG0001212	4	4
OG0001213	5	5
OG0001214	5	5
OG0001215	5	5
OG0001216	3	3
OG0001217	4	4
OG0001218	5	5
OG0001219	5	5
OG0001220	4	4
OG0001221	5	5
OG0001222	5	5
OG0001223	4	4
OG0001224	4	4
OG0001225	5	5
OG0001226	4	4
OG0001227	5	5
OG0001228	5	5
OG0001229	3	3
OG0001230	5	5
OG0001231	5	5
OG0001232	5	5
OG0001233	5	5
OG0001234	5	5
OG0001235	5	5
OG0001236	4	4
OG0001237	4	4
OG0001238	5	5
OG0001239	4	4
OG0001240	4	4
OG0001241	5	5
OG0001242	5	5
OG0001243	5	5
OG0001244	5	5
OG0001245	6	6
OG0001246	6	6
OG0001247	6	6
OG0001248	6	6
OG0001249	6	6
OG0001250	6	6
OG0001251	6	6
OG0001252	6	6
OG0001253	6	6
OG0001254	6	6
OG0001255	6	6
OG0001256	6	6
OG0001257	6	6
OG0001258	6	6
OG0001259	6	6
OG0001260	6	6
OG0001261	6	6
OG0001262	6	6
OG0001263	6	6
OG0001264	6	6
OG0001265	6	6
OG0001266	6	6
OG0001267	6	6
OG0001268	6	6
OG0001269	6	6
OG0001270	6	6
OG0001271	6	6
OG0001272	6	6
OG0001273	4	4
OG0001274	4	4
OG0001275	5	5
OG0001276	5	5
OG0001277	4	4
OG0001278	4	4
OG0001279	4	4
OG0001280	5	5
OG0001281	5	5
OG0001282	3	3
OG0001283	4	4
OG0001284	3	3
OG0001285	4	4
OG0001286	3	3
OG0001287	3	3
OG0001288	4	4
OG0001289	3	3
OG0001290	4	4
OG0001291	5	5
OG0001292	4	4
OG0001293	2	2
OG0001294	4	4
OG0001295	5	5
OG0001296	2	2
OG0001297	3	3
OG0001298	5	5
OG0001299	4	4
OG0001300	4	4
OG0001301	5	5
OG0001302	4	4
OG0001303	5	5
OG0001304	4	4
OG0001305	5	5
OG0001306	4	4
OG0001307	4	4
OG0001308	4	4
OG0001309	5	5
OG0001310	5	5
OG0001311	3	3
OG0001312	3	3
OG0001313	4	4
OG0001314	2	2
OG0001315	4	4
OG0001316	4	4
OG0001317	3	3
OG0001318	4	4
OG0001319	5	5
OG0001320	4	4
OG0001321	3	3
OG0001322	3	3
OG0001323	2	2
OG0001324	3	3
OG0001325	2	2
OG0001326	5	5
OG0001327	5	5
OG0001328	4	4
OG0001329	3	3
OG0001330	3	3
OG0001331	3	3
OG0001332	2	2
OG0001333	3	3
OG0001334	4	4
OG0001335	4	4
OG0001336	4	4
OG0001337	3	3
OG0001338	3	3
OG0001339	4	4
OG0001340	4	4
OG0001341	3	3
OG0001342	3	3
OG0001343	4	4
OG0001344	4	4
OG0001345	4	4
OG0001346	5	5
OG0001347	3	3
OG0001348	3	3
OG0001349	3	3
OG0001350	2	2
OG0001351	4	4
OG0001352	3	3
OG0001353	4	4
OG0001354	4	4
OG0001355	3	3
OG0001356	5	5
OG0001357	4	4
OG0001358	4	4
OG0001359	4	4
OG0001360	5	5
OG0001361	3	3
OG0001362	4	4
OG0001363	3	3
OG0001364	4	4
OG0001365	4	4
OG0001366	4	4
OG0001367	5	5
OG0001368	3	3
OG0001369	3	3
OG0001370	4	4
OG0001371	3	3
OG0001372	2	2
OG0001373	2	2
OG0001374	4	4
OG0001375	4	4
OG0001376	3	3
OG0001377	4	4
OG0001378	5	5
OG0001379	4	4
OG0001380	3	3
OG0001381	2	2
OG0001382	5	5
OG0001383	2	2
OG0001384	4	4
OG0001385	5	5
OG0001386	5	5
OG0001387	2	2
OG0001388	3	3
OG0001389	3	3
OG0001390	3	3
OG0001391	2	2
OG0001392	3	3
OG0001393	4	4
OG0001394	3	3
OG0001395	4	4
OG0001396	2	2
OG0001397	3	3
OG0001398	3	3
OG0001399	4	4
OG0001400	4	4
OG0001401	5	5
OG0001402	3	3
OG0001403	3	3
OG0001404	3	3
OG0001405	3	3
OG0001406	3	3
OG0001407	5	5
OG0001408	4	4
OG0001409	5	5
OG0001410	4	4
OG0001411	3	3
OG0001412	3	3
OG0001413	4	4
OG0001414	3	3
OG0001415	3	3
OG0001416	4	4
OG0001417	4	4
OG0001418	4	4
OG0001419	4	4
OG0001420	4	4
OG0001421	3	3
OG0001422	5	5
OG0001423	4	4
OG0001424	4	4
OG0001425	2	2
OG0001426	4	4
OG0001427	5	5
OG0001428	4	4
OG0001429	4	4
OG0001430	3	3
OG0001431	2	2
OG0001432	4	4
OG0001433	4	4
OG0001434	4	4
OG0001435	3	3
OG0001436	3	3
OG0001437	4	4
OG0001438	2	2
OG0001439	3	3
OG0001440	3	3
OG0001441	2	2
OG0001442	4	4
OG0001443	2	2
OG0001444	3	3
OG0001445	3	3
OG0001446	3	3
OG0001447	3	3
OG0001448	5	5
OG0001449	3	3
OG0001450	4	4
OG0001451	3	3
OG0001452	5	5
OG0001453	4	4
OG0001454	3	3
OG0001455	3	3
OG0001456	4	4
OG0001457	3	3
OG0001458	3	3
OG0001459	4	4
OG0001460	3	3
OG0001461	3	3
OG0001462	4	4
OG0001463	4	4
OG0001464	2	2
OG0001465	3	3
OG0001466	4	4
OG0001467	5	5
OG0001468	4	4
OG0001469	3	3
OG0001470	2	2
OG0001471	3	3
OG0001472	3	3
OG0001473	3	3
OG0001474	4	4
OG0001475	4	4
OG0001476	4	4
OG0001477	5	5
OG0001478	5	5
OG0001479	4	4
OG0001480	4	4
OG0001481	3	3
OG0001482	5	5
OG0001483	4	4
OG0001484	3	3
OG0001485	4	4
OG0001486	5	5
OG0001487	3	3
OG0001488	4	4
OG0001489	2	2
OG0001490	4	4
OG0001491	3	3
OG0001492	3	3
OG0001493	3	3
OG0001494	4	4
OG0001495	5	5
OG0001496	4	4
OG0001497	2	2
OG0001498	3	3
OG0001499	4	4
OG0001500	3	3
OG0001501	3	3
OG0001502	3	3
OG0001503	4	4
OG0001504	2	2
OG0001505	3	3
OG0001506	4	4
OG0001507	5	5
OG0001508	2	2
OG0001509	5	5
OG0001510	4	4
OG0001511	5	5
OG0001512	3	3
OG0001513	3	3
OG0001514	4	4
OG0001515	2	2
OG0001516	5	5
OG0001517	4	4
OG0001518	4	4
OG0001519	2	2
OG0001520	3	3
OG0001521	4	4
OG0001522	3	3
OG0001523	2	2
OG0001524	4	4
OG0001525	4	4
OG0001526	3	3
OG0001527	4	4
OG0001528	3	3
OG0001529	3	3
OG0001530	4	4
OG0001531	3	3
OG0001532	3	3
OG0001533	2	2
OG0001534	4	4
OG0001535	4	4
OG0001536	3	3
OG0001537	3	3
OG0001538	5	5
OG0001539	3	3
OG0001540	5	5
OG0001541	3	3
OG0001542	4	4
OG0001543	2	2
OG0001544	4	4
OG0001545	4	4
OG0001546	3	3
OG0001547	2	2
OG0001548	3	3
OG0001549	4	4
OG0001550	4	4
OG0001551	4	4
OG0001552	3	3
OG0001553	3	3
OG0001554	3	3
OG0001555	4	4
OG0001556	5	5
OG0001557	4	4
OG0001558	4	4
OG0001559	4	4
OG0001560	5	5
OG0001561	4	4
OG0001562	3	3
OG0001563	2	2
OG0001564	2	2
OG0001565	2	2
OG0001566	4	4
OG0001567	4	4
OG0001568	4	4
OG0001569	4	4
OG0001570	4	4
OG0001571	4	4
OG0001572	4	4
OG0001573	3	3
OG0001574	5	5
OG0001575	4	4
OG0001576	4	4
OG0001577	4	4
OG0001578	4	4
OG0001579	5	5
OG0001580	3	3
OG0001581	4	4
OG0001582	5	5
OG0001583	3	3
OG0001584	4	4
OG0001585	2	2
OG0001586	3	3
OG0001587	3	3
OG0001588	3	3
OG0001589	3	3
OG0001590	4	4
OG0001591	3	3
OG0001592	4	4
OG0001593	4	4
OG0001594	2	2
OG0001595	5	5
OG0001596	3	3
OG0001597	3	3
OG0001598	4	4
OG0001599	2	2
OG0001600	5	5
OG0001601	3	3
OG0001602	4	4
OG0001603	4	4
OG0001604	4	4
OG0001605	3	3
OG0001606	2	2
OG0001607	3	3
OG0001608	4	4
OG0001609	5	5
OG0001610	3	3
OG0001611	4	4
OG0001612	3	3
OG0001613	3	3
OG0001614	3	3
OG0001615	4	4
OG0001616	4	4
OG0001617	3	3
OG0001618	4	4
OG0001619	3	3
OG0001620	3	3
OG0001621	3	3
OG0001622	4	4
OG0001623	4	4
OG0001624	4	4
OG0001625	4	4
OG0001626	4	4
OG0001627	4	4
OG0001628	3	3
OG0001629	3	3
OG0001630	3	3
OG0001631	2	2
OG0001632	3	3
OG0001633	4	4
OG0001634	4	4
OG0001635	3	3
OG0001636	4	4
OG0001637	2	2
OG0001638	3	3
OG0001639	3	3
OG0001640	3	3
OG0001641	4	4
OG0001642	4	4
OG0001643	3	3
OG0001644	3	3
OG0001645	3	3
OG0001646	4	4
OG0001647	3	3
OG0001648	4	4
OG0001649	2	2
OG0001650	3	3
OG0001651	3	3
OG0001652	4	4
OG0001653	4	4
OG0001654	3	3
OG0001655	3	3
OG0001656	4	4
OG0001657	4	4
OG0001658	4	4
OG0001659	3	3
OG0001660	4	4
OG0001661	4	4
OG0001662	3	3
OG0001663	3	3
OG0001664	3	3
OG0001665	4	4
OG0001666	2	2
OG0001667	4	4
OG0001668	2	2
OG0001669	4	4
OG0001670	4	4
OG0001671	4	4
OG0001672	4	4
OG0001673	4	4
OG0001674	4	4
OG0001675	4	4
OG0001676	4	4
OG0001677	4	4
OG0001678	4	4
OG0001679	3	3
OG0001680	4	4
OG0001681	4	4
OG0001682	4	4
OG0001683	4	4
OG0001684	3	3
OG0001685	4	4
OG0001686	3	3
OG0001687	3	3
OG0001688	2	2
OG0001689	4	4
OG0001690	4	4
OG0001691	4	4
OG0001692	4	4
OG0001693	4	4
OG0001694	4	4
OG0001695	3	3
OG0001696	4	4
OG0001697	4	4
OG0001698	4	4
OG0001699	3	3
OG0001700	4	4
OG0001701	4	4
OG0001702	4	4
OG0001703	4	4
OG0001704	5	5
OG0001705	4	4
OG0001706	4	4
OG0001707	4	4
OG0001708	4	4
OG0001709	3	3
OG0001710	3	3
OG0001711	4	4
OG0001712	5	5
OG0001713	5	5
OG0001714	5	5
OG0001715	5	5
OG0001716	5	5
OG0001717	5	5
OG0001718	5	5
OG0001719	5	5
OG0001720	5	5
OG0001721	5	5
OG0001722	5	5
OG0001723	5	5
OG0001724	5	5
OG0001725	5	5
OG0001726	5	5
OG0001727	5	5
OG0001728	5	5
OG0001729	5	5
OG0001730	5	5
OG0001731	5	5
OG0001732	5	5
OG0001733	5	5
OG0001734	5	5
OG0001735	5	5
OG0001736	5	5
OG0001737	5	5
OG0001738	5	5
OG0001739	5	5
OG0001740	5	5
OG0001741	5	5
OG0001742	5	5
OG0001743	5	5
OG0001744	5	5
OG0001745	5	5
OG0001746	5	5
OG0001747	5	5
OG0001748	5	5
OG0001749	5	5
OG0001750	5	5
OG0001751	5	5
OG0001752	5	5
OG0001753	5	5
OG0001754	5	5
OG0001755	3	3
OG0001756	4	4
OG0001757	3	3
OG0001758	2	2
OG0001759	3	3
OG0001760	4	4
OG0001761	4	4
OG0001762	3	3
OG0001763	4	4
OG0001764	3	3
OG0001765	3	3
OG0001766	4	4
OG0001767	3	3
OG0001768	2	2
OG0001769	2	2
OG0001770	3	3
OG0001771	2	2
OG0001772	4	4
OG0001773	2	2
OG0001774	2	2
OG0001775	2	2
OG0001776	3	3
OG0001777	2	2
OG0001778	2	2
OG0001779	4	4
OG0001780	2	2
OG0001781	2	2
OG0001782	2	2
OG0001783	3	3
OG0001784	2	2
OG0001785	2	2
OG0001786	2	2
OG0001787	3	3
OG0001788	2	2
OG0001789	2	2
OG0001790	3	3
OG0001791	2	2
OG0001792	2	2
OG0001793	2	2
OG0001794	4	4
OG0001795	2	2
OG0001796	4	4
OG0001797	2	2
OG0001798	3	3
OG0001799	2	2
OG0001800	2	2
OG0001801	3	3
OG0001802	3	3
OG0001803	3	3
OG0001804	3	3
OG0001805	2	2
OG0001806	3	3
OG0001807	3	3
OG0001808	3	3
OG0001809	3	3
OG0001810	2	2
OG0001811	3	3
OG0001812	3	3
OG0001813	4	4
OG0001814	3	3
OG0001815	2	2
OG0001816	3	3
OG0001817	3	3
OG0001818	2	2
OG0001819	2	2
OG0001820	4	4
OG0001821	3	3
OG0001822	3	3
OG0001823	3	3
OG0001824	2	2
OG0001825	3	3
OG0001826	4	4
OG0001827	2	2
OG0001828	3	3
OG0001829	2	2
OG0001830	3	3
OG0001831	2	2
OG0001832	3	3
OG0001833	3	3
OG0001834	3	3
OG0001835	2	2
OG0001836	2	2
OG0001837	4	4
OG0001838	2	2
OG0001839	4	4
OG0001840	2	2
OG0001841	2	2
OG0001842	3	3
OG0001843	2	2
OG0001844	3	3
OG0001845	2	2
OG0001846	3	3
OG0001847	2	2
OG0001848	3	3
OG0001849	3	3
OG0001850	3	3
OG0001851	3	3
OG0001852	3	3
OG0001853	2	2
OG0001854	2	2
OG0001855	3	3
OG0001856	2	2
OG0001857	3	3
OG0001858	2	2
OG0001859	3	3
OG0001860	3	3
OG0001861	3	3
OG0001862	3	3
OG0001863	4	4
OG0001864	3	3
OG0001865	3	3
OG0001866	3	3
OG0001867	4	4
OG0001868	3	3
OG0001869	3	3
OG0001870	3	3
OG0001871	2	2
OG0001872	3	3
OG0001873	4	4
OG0001874	2	2
OG0001875	4	4
OG0001876	3	3
OG0001877	3	3
OG0001878	2	2
OG0001879	2	2
OG0001880	3	3
OG0001881	2	2
OG0001882	3	3
OG0001883	3	3
OG0001884	3	3
OG0001885	2	2
OG0001886	3	3
OG0001887	2	2
OG0001888	3	3
OG0001889	3	3
OG0001890	2	2
OG0001891	3	3
OG0001892	3	3
OG0001893	3	3
OG0001894	3	3
OG0001895	2	2
OG0001896	4	4
OG0001897	3	3
OG0001898	2	2
OG0001899	2	2
OG0001900	3	3
OG0001901	3	3
OG0001902	2	2
OG0001903	2	2
OG0001904	2	2
OG0001905	2	2
OG0001906	2	2
OG0001907	3	3
OG0001908	3	3
OG0001909	2	2
OG0001910	3	3
OG0001911	2	2
OG0001912	4	4
OG0001913	3	3
OG0001914	3	3
OG0001915	2	2
OG0001916	2	2
OG0001917	3	3
OG0001918	2	2
OG0001919	3	3
OG0001920	2	2
OG0001921	4	4
OG0001922	2	2
OG0001923	4	4
OG0001924	3	3
OG0001925	3	3
OG0001926	3	3
OG0001927	2	2
OG0001928	2	2
OG0001929	2	2
OG0001930	2	2
OG0001931	2	2
OG0001932	2	2
OG0001933	4	4
OG0001934	2	2
OG0001935	2	2
OG0001936	3	3
OG0001937	4	4
OG0001938	2	2
OG0001939	2	2
OG0001940	3	3
OG0001941	2	2
OG0001942	3	3
OG0001943	3	3
OG0001944	3	3
OG0001945	3	3
OG0001946	3	3
OG0001947	3	3
OG0001948	2	2
OG0001949	2	2
OG0001950	3	3
OG0001951	4	4
OG0001952	2	2
OG0001953	2	2
OG0001954	3	3
OG0001955	2	2
OG0001956	2	2
OG0001957	4	4
OG0001958	2	2
OG0001959	3	3
OG0001960	2	2
OG0001961	2	2
OG0001962	2	2
OG0001963	3	3
OG0001964	2	2
OG0001965	3	3
OG0001966	2	2
OG0001967	3	3
OG0001968	2	2
OG0001969	3	3
OG0001970	2	2
OG0001971	3	3
OG0001972	2	2
OG0001973	2	2
OG0001974	2	2
OG0001975	2	2
OG0001976	3	3
OG0001977	4	4
OG0001978	2	2
OG0001979	3	3
OG0001980	3	3
OG0001981	2	2
OG0001982	2	2
OG0001983	3	3
OG0001984	2	2
OG0001985	2	2
OG0001986	3	3
OG0001987	3	3
OG0001988	3	3
OG0001989	3	3
OG0001990	2	2
OG0001991	3	3
OG0001992	2	2
OG0001993	3	3
OG0001994	2	2
OG0001995	2	2
OG0001996	4	4
OG0001997	2	2
OG0001998	3	3
OG0001999	2	2
OG0002000	2	2
OG0002001	2	2
OG0002002	2	2
OG0002003	2	2
OG0002004	2	2
OG0002005	4	4
OG0002006	3	3
OG0002007	2	2
OG0002008	2	2
OG0002009	3	3
OG0002010	2	2
OG0002011	2	2
OG0002012	3	3
OG0002013	3	3
OG0002014	3	3
OG0002015	4	4
OG0002016	3	3
OG0002017	3	3
OG0002018	4	4
OG0002019	2	2
OG0002020	3	3
OG0002021	4	4
OG0002022	3	3
OG0002023	3	3
OG0002024	4	4
OG0002025	2	2
OG0002026	4	4
OG0002027	3	3
OG0002028	2	2
OG0002029	2	2
OG0002030	2	2
OG0002031	3	3
OG0002032	2	2
OG0002033	3	3
OG0002034	2	2
OG0002035	3	3
OG0002036	3	3
OG0002037	2	2
OG0002038	2	2
OG0002039	2	2
OG0002040	3	3
OG0002041	4	4
OG0002042	4	4
OG0002043	3	3
OG0002044	3	3
OG0002045	2	2
OG0002046	4	4
OG0002047	3	3
OG0002048	2	2
OG0002049	4	4
OG0002050	2	2
OG0002051	2	2
OG0002052	2	2
OG0002053	3	3
OG0002054	2	2
OG0002055	2	2
OG0002056	3	3
OG0002057	3	3
OG0002058	3	3
OG0002059	2	2
OG0002060	2	2
OG0002061	2	2
OG0002062	2	2
OG0002063	3	3
OG0002064	2	2
OG0002065	3	3
OG0002066	2	2
OG0002067	2	2
OG0002068	2	2
OG0002069	3	3
OG0002070	3	3
OG0002071	3	3
OG0002072	2	2
OG0002073	3	3
OG0002074	2	2
OG0002075	3	3
OG0002076	3	3
OG0002077	2	2
OG0002078	2	2
OG0002079	2	2
OG0002080	3	3
OG0002081	3	3
OG0002082	3	3
OG0002083	3	3
OG0002084	2	2
OG0002085	2	2
OG0002086	3	3
OG0002087	3	3
OG0002088	2	2
OG0002089	4	4
OG0002090	3	3
OG0002091	2	2
OG0002092	2	2
OG0002093	3	3
OG0002094	2	2
OG0002095	2	2
OG0002096	2	2
OG0002097	2	2
OG0002098	3	3
OG0002099	2	2
OG0002100	2	2
OG0002101	2	2
OG0002102	3	3
OG0002103	3	3
OG0002104	2	2
OG0002105	2	2
OG0002106	3	3
OG0002107	2	2
OG0002108	3	3
OG0002109	3	3
OG0002110	2	2
OG0002111	4	4
OG0002112	2	2
OG0002113	2	2
OG0002114	2	2
OG0002115	3	3
OG0002116	2	2
OG0002117	3	3
OG0002118	2	2
OG0002119	3	3
OG0002120	3	3
OG0002121	2	2
OG0002122	2	2
OG0002123	2	2
OG0002124	3	3
OG0002125	3	3
OG0002126	2	2
OG0002127	3	3
OG0002128	3	3
OG0002129	2	2
OG0002130	2	2
OG0002131	2	2
OG0002132	3	3
OG0002133	3	3
OG0002134	3	3
OG0002135	3	3
OG0002136	2	2
OG0002137	4	4
OG0002138	3	3
OG0002139	3	3
OG0002140	2	2
OG0002141	2	2
OG0002142	4	4
OG0002143	4	4
OG0002144	3	3
OG0002145	3	3
OG0002146	4	4
OG0002147	2	2
OG0002148	4	4
OG0002149	2	2
OG0002150	3	3
OG0002151	3	3
OG0002152	4	4
OG0002153	2	2
OG0002154	2	2
OG0002155	3	3
OG0002156	2	2
OG0002157	2	2
OG0002158	4	4
OG0002159	3	3
OG0002160	2	2
OG0002161	3	3
OG0002162	2	2
OG0002163	2	2
OG0002164	3	3
OG0002165	3	3
OG0002166	2	2
OG0002167	2	2
OG0002168	2	2
OG0002169	2	2
OG0002170	2	2
OG0002171	2	2
OG0002172	2	2
OG0002173	3	3
OG0002174	2	2
OG0002175	2	2
OG0002176	3	3
OG0002177	3	3
OG0002178	2	2
OG0002179	2	2
OG0002180	3	3
OG0002181	2	2
OG0002182	2	2
OG0002183	3	3
OG0002184	2	2
OG0002185	2	2
OG0002186	3	3
OG0002187	3	3
OG0002188	2	2
OG0002189	2	2
OG0002190	4	4
OG0002191	4	4
OG0002192	4	4
OG0002193	3	3
OG0002194	2	2
OG0002195	3	3
OG0002196	3	3
OG0002197	2	2
OG0002198	2	2
OG0002199	2	2
OG0002200	2	2
OG0002201	2	2
OG0002202	2	2
OG0002203	3	3
OG0002204	2	2
OG0002205	3	3
OG0002206	2	2
OG0002207	2	2
OG0002208	4	4
OG0002209	3	3
OG0002210	4	4
OG0002211	3	3
OG0002212	2	2
OG0002213	2	2
OG0002214	2	2
OG0002215	2	2
OG0002216	2	2
OG0002217	2	2
OG0002218	2	2
OG0002219	2	2
OG0002220	2	2
OG0002221	3	3
OG0002222	2	2
OG0002223	2	2
OG0002224	2	2
OG0002225	2	2
OG0002226	2	2
OG0002227	3	3
OG0002228	2	2
OG0002229	3	3
OG0002230	2	2
OG0002231	3	3
OG0002232	2	2
OG0002233	2	2
OG0002234	2	2
OG0002235	2	2
OG0002236	2	2
OG0002237	2	2
OG0002238	3	3
OG0002239	3	3
OG0002240	2	2
OG0002241	3	3
OG0002242	3	3
OG0002243	2	2
OG0002244	2	2
OG0002245	3	3
OG0002246	3	3
OG0002247	3	3
OG0002248	2	2
OG0002249	2	2
OG0002250	2	2
OG0002251	2	2
OG0002252	4	4
OG0002253	3	3
OG0002254	3	3
OG0002255	2	2
OG0002256	2	2
OG0002257	2	2
OG0002258	4	4
OG0002259	3	3
OG0002260	2	2
OG0002261	2	2
OG0002262	2	2
OG0002263	2	2
OG0002264	2	2
OG0002265	2	2
OG0002266	3	3
OG0002267	2	2
OG0002268	3	3
OG0002269	3	3
OG0002270	3	3
OG0002271	3	3
OG0002272	2	2
OG0002273	3	3
OG0002274	3	3
OG0002275	2	2
OG0002276	3	3
OG0002277	3	3
OG0002278	2	2
OG0002279	2	2
OG0002280	2	2
OG0002281	3	3
OG0002282	2	2
OG0002283	3	3
OG0002284	3	3
OG0002285	2	2
OG0002286	2	2
OG0002287	2	2
OG0002288	4	4
OG0002289	3	3
OG0002290	3	3
OG0002291	2	2
OG0002292	4	4
OG0002293	3	3
OG0002294	2	2
OG0002295	2	2
OG0002296	3	3
OG0002297	3	3
OG0002298	2	2
OG0002299	2	2
OG0002300	2	2
OG0002301	2	2
OG0002302	2	2
OG0002303	2	2
OG0002304	2	2
OG0002305	3	3
OG0002306	3	3
OG0002307	2	2
OG0002308	2	2
OG0002309	2	2
OG0002310	2	2
OG0002311	3	3
OG0002312	4	4
OG0002313	3	3
OG0002314	3	3
OG0002315	3	3
OG0002316	3	3
OG0002317	2	2
OG0002318	2	2
OG0002319	3	3
OG0002320	4	4
OG0002321	2	2
OG0002322	2	2
OG0002323	4	4
OG0002324	3	3
OG0002325	2	2
OG0002326	2	2
OG0002327	3	3
OG0002328	3	3
OG0002329	2	2
OG0002330	3	3
OG0002331	2	2
OG0002332	3	3
OG0002333	2	2
OG0002334	2	2
OG0002335	4	4
OG0002336	2	2
OG0002337	3	3
OG0002338	3	3
OG0002339	2	2
OG0002340	2	2
OG0002341	3	3
OG0002342	3	3
OG0002343	3	3
OG0002344	3	3
OG0002345	3	3
OG0002346	2	2
OG0002347	3	3
OG0002348	2	2
OG0002349	3	3
OG0002350	2	2
OG0002351	2	2
OG0002352	2	2
OG0002353	2	2
OG0002354	2	2
OG0002355	2	2
OG0002356	2	2
OG0002357	3	3
OG0002358	2	2
OG0002359	2	2
OG0002360	3	3
OG0002361	2	2
OG0002362	2	2
OG0002363	3	3
OG0002364	2	2
OG0002365	3	3
OG0002366	2	2
OG0002367	2	2
OG0002368	3	3
OG0002369	2	2
OG0002370	2	2
OG0002371	3	3
OG0002372	2	2
OG0002373	3	3
OG0002374	2	2
OG0002375	2	2
OG0002376	3	3
OG0002377	3	3
OG0002378	3	3
OG0002379	3	3
OG0002380	3	3
OG0002381	3	3
OG0002382	4	4
OG0002383	3	3
OG0002384	3	3
OG0002385	2	2
OG0002386	2	2
OG0002387	2	2
OG0002388	2	2
OG0002389	2	2
OG0002390	4	4
OG0002391	4	4
OG0002392	3	3
OG0002393	3	3
OG0002394	2	2
OG0002395	2	2
OG0002396	4	4
OG0002397	3	3
OG0002398	3	3
OG0002399	3	3
OG0002400	2	2
OG0002401	3	3
OG0002402	3	3
OG0002403	3	3
OG0002404	2	2
OG0002405	2	2
OG0002406	2	2
OG0002407	3	3
OG0002408	3	3
OG0002409	3	3
OG0002410	3	3
OG0002411	4	4
OG0002412	4	4
OG0002413	2	2
OG0002414	2	2
OG0002415	3	3
OG0002416	2	2
OG0002417	2	2
OG0002418	2	2
OG0002419	2	2
OG0002420	2	2
OG0002421	3	3
OG0002422	2	2
OG0002423	4	4
OG0002424	2	2
OG0002425	3	3
OG0002426	2	2
OG0002427	3	3
OG0002428	2	2
OG0002429	2	2
OG0002430	2	2
OG0002431	2	2
OG0002432	2	2
OG0002433	2	2
OG0002434	3	3
OG0002435	3	3
OG0002436	3	3
OG0002437	3	3
OG0002438	3	3
OG0002439	3	3
OG0002440	3	3
OG0002441	3	3
OG0002442	3	3
OG0002443	3	3
OG0002444	3	3
OG0002445	3	3
OG0002446	2	2
OG0002447	4	4
OG0002448	3	3
OG0002449	3	3
OG0002450	3	3
OG0002451	3	3
OG0002452	3	3
OG0002453	3	3
OG0002454	2	2
OG0002455	2	2
OG0002456	2	2
OG0002457	2	2
OG0002458	3	3
OG0002459	2	2
OG0002460	3	3
OG0002461	3	3
OG0002462	3	3
OG0002463	4	4
OG0002464	2	2
OG0002465	3	3
OG0002466	3	3
OG0002467	2	2
OG0002468	3	3
OG0002469	3	3
OG0002470	4	4
OG0002471	2	2
OG0002472	3	3
OG0002473	3	3
OG0002474	2	2
OG0002475	3	3
OG0002476	2	2
OG0002477	2	2
OG0002478	3	3
OG0002479	3	3
OG0002480	3	3
OG0002481	3	3
OG0002482	3	3
OG0002483	3	3
OG0002484	3	3
OG0002485	4	4
OG0002486	3	3
OG0002487	3	3
OG0002488	3	3
OG0002489	3	3
OG0002490	2	2
OG0002491	3	3
OG0002492	3	3
OG0002493	3	3
OG0002494	3	3
OG0002495	3	3
OG0002496	3	3
OG0002497	3	3
OG0002498	2	2
OG0002499	3	3
OG0002500	3	3
OG0002501	2	2
OG0002502	2	2
OG0002503	2	2
OG0002504	3	3
OG0002505	3	3
OG0002506	3	3
OG0002507	3	3
OG0002508	3	3
OG0002509	3	3
OG0002510	3	3
OG0002511	3	3
OG0002512	3	3
OG0002513	4	4
OG0002514	2	2
OG0002515	3	3
OG0002516	3	3
OG0002517	3	3
OG0002518	3	3
OG0002519	3	3
OG0002520	3	3
OG0002521	3	3
OG0002522	2	2
OG0002523	4	4
OG0002524	4	4
OG0002525	4	4
OG0002526	4	4
OG0002527	4	4
OG0002528	4	4
OG0002529	4	4
OG0002530	4	4
OG0002531	4	4
OG0002532	4	4
OG0002533	4	4
OG0002534	4	4
OG0002535	4	4
OG0002536	4	4
OG0002537	4	4
OG0002538	4	4
OG0002539	4	4
OG0002540	4	4
OG0002541	4	4
OG0002542	4	4
OG0002543	4	4
OG0002544	4	4
OG0002545	4	4
OG0002546	4	4
OG0002547	4	4
OG0002548	4	4
OG0002549	4	4
OG0002550	4	4
OG0002551	4	4
OG0002552	4	4
OG0002553	4	4
OG0002554	4	4
OG0002555	4	4
OG0002556	4	4
OG0002557	4	4
OG0002558	4	4
OG0002559	4	4
OG0002560	4	4
OG0002561	4	4
OG0002562	4	4
OG0002563	4	4
OG0002564	4	4
OG0002565	4	4
OG0002566	4	4
OG0002567	4	4
OG0002568	4	4
OG0002569	4	4
OG0002570	4	4
OG0002571	4	4
OG0002572	4	4
OG0002573	4	4
OG0002574	4	4
OG0002575	4	4
OG0002576	4	4
OG0002577	4	4
OG0002578	4	4
OG0002579	3	3
OG0002580	2	2
OG0002581	2	2
OG0002582	2	2
OG0002583	2	2
OG0002584	2	2
OG0002585	2	2
OG0002586	3	3
OG0002587	2	2
OG0002588	2	2
OG0002589	2	2
OG0002590	2	2
OG0002591	3	3
OG0002592	2	2
OG0002593	2	2
OG0002594	2	2
OG0002595	2	2
OG0002596	1	1
OG0002597	1	1
OG0002598	2	2
OG0002599	1	1
OG0002600	2	2
OG0002601	2	2
OG0002602	2	2
OG0002603	2	2
OG0002604	1	1
OG0002605	1	1
OG0002606	1	1
OG0002607	1	1
OG0002608	1	1
OG0002609	1	1
OG0002610	1	1
OG0002611	2	2
OG0002612	2	2
OG0002613	1	1
OG0002614	1	1
OG0002615	1	1
OG0002616	1	1
OG0002617	1	1
OG0002618	2	2
OG0002619	1	1
OG0002620	2	2
OG0002621	1	1
OG0002622	1	1
OG0002623	1	1
OG0002624	2	2
OG0002625	1	1
OG0002626	2	2
OG0002627	1	1
OG0002628	1	1
OG0002629	1	1
OG0002630	1	1
OG0002631	1	1
OG0002632	1	1
OG0002633	2	2
OG0002634	1	1
OG0002635	2	2
OG0002636	3	3
OG0002637	2	2
OG0002638	1	1
OG0002639	3	3
OG0002640	1	1
OG0002641	2	2
OG0002642	2	2
OG0002643	1	1
OG0002644	1	1
OG0002645	2	2
OG0002646	1	1
OG0002647	2	2
OG0002648	2	2
OG0002649	1	1
OG0002650	1	1
OG0002651	2	2
OG0002652	1	1
OG0002653	3	3
OG0002654	3	3
OG0002655	2	2
OG0002656	3	3
OG0002657	2	2
OG0002658	2	2
OG0002659	2	2
OG0002660	3	3
OG0002661	2	2
OG0002662	2	2
OG0002663	2	2
OG0002664	2	2
OG0002665	2	2
OG0002666	2	2
OG0002667	2	2
OG0002668	3	3
OG0002669	2	2
OG0002670	2	2
OG0002671	2	2
OG0002672	3	3
OG0002673	2	2
OG0002674	3	3
OG0002675	1	1
OG0002676	1	1
OG0002677	3	3
OG0002678	1	1
OG0002679	1	1
OG0002680	2	2
OG0002681	3	3
OG0002682	1	1
OG0002683	2	2
OG0002684	2	2
OG0002685	1	1
OG0002686	2	2
OG0002687	1	1
OG0002688	2	2
OG0002689	2	2
OG0002690	3	3
OG0002691	1	1
OG0002692	1	1
OG0002693	2	2
OG0002694	1	1
OG0002695	2	2
OG0002696	2	2
OG0002697	1	1
OG0002698	2	2
OG0002699	2	2
OG0002700	3	3
OG0002701	3	3
OG0002702	1	1
OG0002703	2	2
OG0002704	2	2
OG0002705	1	1
OG0002706	2	2
OG0002707	1	1
OG0002708	1	1
OG0002709	1	1
OG0002710	1	1
OG0002711	2	2
OG0002712	2	2
OG0002713	2	2
OG0002714	2	2
OG0002715	1	1
OG0002716	2	2
OG0002717	1	1
OG0002718	1	1
OG0002719	1	1
OG0002720	2	2
OG0002721	2	2
OG0002722	1	1
OG0002723	2	2
OG0002724	1	1
OG0002725	2	2
OG0002726	2	2
OG0002727	1	1
OG0002728	2	2
OG0002729	2	2
OG0002730	2	2
OG0002731	2	2
OG0002732	2	2
OG0002733	2	2
OG0002734	1	1
OG0002735	1	1
OG0002736	1	1
OG0002737	2	2
OG0002738	1	1
OG0002739	2	2
OG0002740	2	2
OG0002741	1	1
OG0002742	2	2
OG0002743	2	2
OG0002744	1	1
OG0002745	1	1
OG0002746	1	1
OG0002747	1	1
OG0002748	1	1
OG0002749	1	1
OG0002750	1	1
OG0002751	1	1
OG0002752	1	1
OG0002753	1	1
OG0002754	1	1
OG0002755	1	1
OG0002756	2	2
OG0002757	1	1
OG0002758	2	2
OG0002759	1	1
OG0002760	1	1
OG0002761	2	2
OG0002762	1	1
OG0002763	1	1
OG0002764	1	1
OG0002765	2	2
OG0002766	1	1
OG0002767	2	2
OG0002768	1	1
OG0002769	2	2
OG0002770	1	1
OG0002771	1	1
OG0002772	1	1
OG0002773	2	2
OG0002774	2	2
OG0002775	1	1
OG0002776	2	2
OG0002777	1	1
OG0002778	1	1
OG0002779	1	1
OG0002780	1	1
OG0002781	1	1
OG0002782	2	2
OG0002783	2	2
OG0002784	3	3
OG0002785	1	1
OG0002786	2	2
OG0002787	2	2
OG0002788	2	2
OG0002789	2	2
OG0002790	1	1
OG0002791	2	2
OG0002792	2	2
OG0002793	1	1
OG0002794	1	1
OG0002795	3	3
OG0002796	2	2
OG0002797	1	1
OG0002798	2	2
OG0002799	2	2
OG0002800	2	2
OG0002801	1	1
OG0002802	2	2
OG0002803	2	2
OG0002804	2	2
OG0002805	1	1
OG0002806	2	2
OG0002807	2	2
OG0002808	1	1
OG0002809	1	1
OG0002810	3	3
OG0002811	2	2
OG0002812	1	1
OG0002813	2	2
OG0002814	2	2
OG0002815	3	3
OG0002816	2	2
OG0002817	1	1
OG0002818	1	1
OG0002819	1	1
OG0002820	2	2
OG0002821	1	1
OG0002822	2	2
OG0002823	2	2
OG0002824	1	1
OG0002825	2	2
OG0002826	1	1
OG0002827	1	1
OG0002828	1	1
OG0002829	1	1
OG0002830	1	1
OG0002831	1	1
OG0002832	2	2
OG0002833	1	1
OG0002834	2	2
OG0002835	3	3
OG0002836	2	2
OG0002837	1	1
OG0002838	1	1
OG0002839	2	2
OG0002840	1	1
OG0002841	2	2
OG0002842	2	2
OG0002843	2	2
OG0002844	1	1
OG0002845	1	1
OG0002846	2	2
OG0002847	2	2
OG0002848	2	2
OG0002849	1	1
OG0002850	1	1
OG0002851	1	1
OG0002852	2	2
OG0002853	2	2
OG0002854	2	2
OG0002855	1	1
OG0002856	2	2
OG0002857	2	2
OG0002858	1	1
OG0002859	2	2
OG0002860	3	3
OG0002861	1	1
OG0002862	2	2
OG0002863	1	1
OG0002864	2	2
OG0002865	1	1
OG0002866	1	1
OG0002867	1	1
OG0002868	1	1
OG0002869	1	1
OG0002870	1	1
OG0002871	1	1
OG0002872	1	1
OG0002873	1	1
OG0002874	2	2
OG0002875	2	2
OG0002876	1	1
OG0002877	2	2
OG0002878	2	2
OG0002879	2	2
OG0002880	1	1
OG0002881	1	1
OG0002882	1	1
OG0002883	2	2
OG0002884	2	2
OG0002885	3	3
OG0002886	3	3
OG0002887	2	2
OG0002888	1	1
OG0002889	3	3
OG0002890	3	3
OG0002891	3	3
OG0002892	1	1
OG0002893	1	1
OG0002894	2	2
OG0002895	2	2
OG0002896	1	1
OG0002897	1	1
OG0002898	2	2
OG0002899	2	2
OG0002900	2	2
OG0002901	2	2
OG0002902	2	2
OG0002903	2	2
OG0002904	1	1
OG0002905	1	1
OG0002906	1	1
OG0002907	1	1
OG0002908	2	2
OG0002909	1	1
OG0002910	2	2
OG0002911	1	1
OG0002912	2	2
OG0002913	1	1
OG0002914	1	1
OG0002915	3	3
OG0002916	1	1
OG0002917	3	3
OG0002918	2	2
OG0002919	1	1
OG0002920	2	2
OG0002921	1	1
OG0002922	1	1
OG0002923	1	1
OG0002924	2	2
OG0002925	1	1
OG0002926	2	2
OG0002927	1	1
OG0002928	2	2
OG0002929	3	3
OG0002930	2	2
OG0002931	1	1
OG0002932	1	1
OG0002933	1	1
OG0002934	3	3
OG0002935	2	2
OG0002936	2	2
OG0002937	2	2
OG0002938	1	1
OG0002939	1	1
OG0002940	1	1
OG0002941	1	1
OG0002942	1	1
OG0002943	1	1
OG0002944	1	1
OG0002945	1	1
OG0002946	1	1
OG0002947	1	1
OG0002948	2	2
OG0002949	3	3
OG0002950	1	1
OG0002951	1	1
OG0002952	2	2
OG0002953	3	3
OG0002954	2	2
OG0002955	1	1
OG0002956	1	1
OG0002957	1	1
OG0002958	2	2
OG0002959	1	1
OG0002960	2	2
OG0002961	1	1
OG0002962	1	1
OG0002963	1	1
OG0002964	1	1
OG0002965	2	2
OG0002966	1	1
OG0002967	1	1
OG0002968	2	2
OG0002969	1	1
OG0002970	2	2
OG0002971	2	2
OG0002972	2	2
OG0002973	2	2
OG0002974	2	2
OG0002975	2	2
OG0002976	2	2
OG0002977	2	2
OG0002978	2	2
OG0002979	2	2
OG0002980	1	1
OG0002981	2	2
OG0002982	2	2
OG0002983	1	1
OG0002984	1	1
OG0002985	2	2
OG0002986	2	2
OG0002987	2	2
OG0002988	1	1
OG0002989	1	1
OG0002990	1	1
OG0002991	1	1
OG0002992	1	1
OG0002993	2	2
OG0002994	2	2
OG0002995	2	2
OG0002996	1	1
OG0002997	1	1
OG0002998	2	2
OG0002999	1	1
OG0003000	1	1
OG0003001	2	2
OG0003002	1	1
OG0003003	1	1
OG0003004	1	1
OG0003005	1	1
OG0003006	1	1
OG0003007	2	2
OG0003008	1	1
OG0003009	2	2
OG0003010	3	3
OG0003011	1	1
OG0003012	2	2
OG0003013	1	1
OG0003014	1	1
OG0003015	2	2
OG0003016	2	2
OG0003017	2	2
OG0003018	2	2
OG0003019	1	1
OG0003020	2	2
OG0003021	1	1
OG0003022	1	1
OG0003023	2	2
OG0003024	2	2
OG0003025	3	3
OG0003026	2	2
OG0003027	2	2
OG0003028	3	3
OG0003029	2	2
OG0003030	2	2
OG0003031	1	1
OG0003032	1	1
OG0003033	2	2
OG0003034	1	1
OG0003035	1	1
OG0003036	1	1
OG0003037	1	1
OG0003038	2	2
OG0003039	1	1
OG0003040	1	1
OG0003041	2	2
OG0003042	2	2
OG0003043	1	1
OG0003044	2	2
OG0003045	1	1
OG0003046	1	1
OG0003047	2	2
OG0003048	2	2
OG0003049	2	2
OG0003050	2	2
OG0003051	1	1
OG0003052	3	3
OG0003053	1	1
OG0003054	1	1
OG0003055	1	1
OG0003056	1	1
OG0003057	3	3
OG0003058	2	2
OG0003059	2	2
OG0003060	2	2
OG0003061	1	1
OG0003062	2	2
OG0003063	2	2
OG0003064	2	2
OG0003065	2	2
OG0003066	1	1
OG0003067	2	2
OG0003068	1	1
OG0003069	1	1
OG0003070	2	2
OG0003071	2	2
OG0003072	2	2
OG0003073	2	2
OG0003074	3	3
OG0003075	1	1
OG0003076	2	2
OG0003077	2	2
OG0003078	1	1
OG0003079	1	1
OG0003080	2	2
OG0003081	2	2
OG0003082	2	2
OG0003083	1	1
OG0003084	1	1
OG0003085	2	2
OG0003086	3	3
OG0003087	2	2
OG0003088	1	1
OG0003089	2	2
OG0003090	2	2
OG0003091	2	2
OG0003092	2	2
OG0003093	1	1
OG0003094	1	1
OG0003095	2	2
OG0003096	2	2
OG0003097	2	2
OG0003098	2	2
OG0003099	2	2
OG0003100	1	1
OG0003101	3	3
OG0003102	1	1
OG0003103	3	3
OG0003104	1	1
OG0003105	1	1
OG0003106	2	2
OG0003107	2	2
OG0003108	2	2
OG0003109	2	2
OG0003110	2	2
OG0003111	2	2
OG0003112	2	2
OG0003113	1	1
OG0003114	2	2
OG0003115	2	2
OG0003116	2	2
OG0003117	2	2
OG0003118	2	2
OG0003119	2	2
OG0003120	2	2
OG0003121	2	2
OG0003122	2	2
OG0003123	2	2
OG0003124	2	2
OG0003125	1	1
OG0003126	1	1
OG0003127	2	2
OG0003128	3	3
OG0003129	1	1
OG0003130	2	2
OG0003131	3	3
OG0003132	2	2
OG0003133	2	2
OG0003134	2	2
OG0003135	2	2
OG0003136	2	2
OG0003137	1	1
OG0003138	2	2
OG0003139	2	2
OG0003140	3	3
OG0003141	2	2
OG0003142	2	2
OG0003143	2	2
OG0003144	1	1
OG0003145	2	2
OG0003146	2	2
OG0003147	2	2
OG0003148	1	1
OG0003149	3	3
OG0003150	1	1
OG0003151	2	2
OG0003152	2	2
OG0003153	1	1
OG0003154	1	1
OG0003155	1	1
OG0003156	2	2
OG0003157	2	2
OG0003158	2	2
OG0003159	2	2
OG0003160	1	1
OG0003161	2	2
OG0003162	2	2
OG0003163	1	1
OG0003164	1	1
OG0003165	2	2
OG0003166	2	2
OG0003167	2	2
OG0003168	2	2
OG0003169	2	2
OG0003170	1	1
OG0003171	1	1
OG0003172	2	2
OG0003173	1	1
OG0003174	2	2
OG0003175	1	1
OG0003176	3	3
OG0003177	1	1
OG0003178	3	3
OG0003179	2	2
OG0003180	1	1
OG0003181	2	2
OG0003182	2	2
OG0003183	1	1
OG0003184	2	2
OG0003185	1	1
OG0003186	2	2
OG0003187	3	3
OG0003188	2	2
OG0003189	2	2
OG0003190	2	2
OG0003191	1	1
OG0003192	1	1
OG0003193	2	2
OG0003194	1	1
OG0003195	2	2
OG0003196	2	2
OG0003197	1	1
OG0003198	2	2
OG0003199	2	2
OG0003200	2	2
OG0003201	1	1
OG0003202	1	1
OG0003203	1	1
OG0003204	1	1
OG0003205	2	2
OG0003206	2	2
OG0003207	2	2
OG0003208	1	1
OG0003209	1	1
OG0003210	1	1
OG0003211	2	2
OG0003212	1	1
OG0003213	1	1
OG0003214	2	2
OG0003215	2	2
OG0003216	2	2
OG0003217	2	2
OG0003218	2	2
OG0003219	2	2
OG0003220	2	2
OG0003221	1	1
OG0003222	1	1
OG0003223	2	2
OG0003224	1	1
OG0003225	1	1
OG0003226	2	2
OG0003227	2	2
OG0003228	1	1
OG0003229	2	2
OG0003230	1	1
OG0003231	1	1
OG0003232	1	1
OG0003233	1	1
OG0003234	2	2
OG0003235	1	1
OG0003236	1	1
OG0003237	2	2
OG0003238	2	2
OG0003239	2	2
OG0003240	2	2
OG0003241	2	2
OG0003242	2	2
OG0003243	1	1
OG0003244	1	1
OG0003245	1	1
OG0003246	1	1
OG0003247	2	2
OG0003248	2	2
OG0003249	1	1
OG0003250	1	1
OG0003251	1	1
OG0003252	1	1
OG0003253	2	2
OG0003254	1	1
OG0003255	2	2
OG0003256	1	1
OG0003257	1	1
OG0003258	2	2
OG0003259	3	3
OG0003260	2	2
OG0003261	2	2
OG0003262	1	1
OG0003263	2	2
OG0003264	3	3
OG0003265	1	1
OG0003266	1	1
OG0003267	1	1
OG0003268	1	1
OG0003269	1	1
OG0003270	2	2
OG0003271	1	1
OG0003272	2	2
OG0003273	1	1
OG0003274	2	2
OG0003275	1	1
OG0003276	1	1
OG0003277	1	1
OG0003278	2	2
OG0003279	2	2
OG0003280	2	2
OG0003281	1	1
OG0003282	2	2
OG0003283	2	2
OG0003284	1	1
OG0003285	1	1
OG0003286	1	1
OG0003287	1	1
OG0003288	1	1
OG0003289	3	3
OG0003290	2	2
OG0003291	2	2
OG0003292	1	1
OG0003293	2	2
OG0003294	1	1
OG0003295	1	1
OG0003296	1	1
OG0003297	1	1
OG0003298	2	2
OG0003299	2	2
OG0003300	1	1
OG0003301	1	1
OG0003302	2	2
OG0003303	3	3
OG0003304	1	1
OG0003305	1	1
OG0003306	1	1
OG0003307	1	1
OG0003308	1	1
OG0003309	2	2
OG0003310	1	1
OG0003311	2	2
OG0003312	2	2
OG0003313	3	3
OG0003314	2	2
OG0003315	3	3
OG0003316	2	2
OG0003317	1	1
OG0003318	1	1
OG0003319	1	1
OG0003320	2	2
OG0003321	2	2
OG0003322	3	3
OG0003323	1	1
OG0003324	1	1
OG0003325	3	3
OG0003326	1	1
OG0003327	1	1
OG0003328	1	1
OG0003329	1	1
OG0003330	3	3
OG0003331	1	1
OG0003332	2	2
OG0003333	1	1
OG0003334	2	2
OG0003335	3	3
OG0003336	2	2
OG0003337	1	1
OG0003338	1	1
OG0003339	2	2
OG0003340	2	2
OG0003341	2	2
OG0003342	1	1
OG0003343	2	2
OG0003344	1	1
OG0003345	2	2
OG0003346	3	3
OG0003347	1	1
OG0003348	1	1
OG0003349	2	2
OG0003350	2	2
OG0003351	2	2
OG0003352	1	1
OG0003353	2	2
OG0003354	2	2
OG0003355	1	1
OG0003356	2	2
OG0003357	2	2
OG0003358	2	2
OG0003359	2	2
OG0003360	1	1
OG0003361	1	1
OG0003362	2	2
OG0003363	2	2
OG0003364	3	3
OG0003365	2	2
OG0003366	1	1
OG0003367	2	2
OG0003368	2	2
OG0003369	2	2
OG0003370	2	2
OG0003371	1	1
OG0003372	2	2
OG0003373	3	3
OG0003374	2	2
OG0003375	1	1
OG0003376	2	2
OG0003377	2	2
OG0003378	2	2
OG0003379	2	2
OG0003380	3	3
OG0003381	1	1
OG0003382	2	2
OG0003383	1	1
OG0003384	2	2
OG0003385	1	1
OG0003386	2	2
OG0003387	3	3
OG0003388	2	2
OG0003389	1	1
OG0003390	3	3
OG0003391	1	1
OG0003392	1	1
OG0003393	1	1
OG0003394	2	2
OG0003395	1	1
OG0003396	2	2
OG0003397	2	2
OG0003398	2	2
OG0003399	2	2
OG0003400	3	3
OG0003401	2	2
OG0003402	2	2
OG0003403	1	1
OG0003404	2	2
OG0003405	1	1
OG0003406	1	1
OG0003407	2	2
OG0003408	2	2
OG0003409	1	1
OG0003410	2	2
OG0003411	1	1
OG0003412	1	1
OG0003413	2	2
OG0003414	2	2
OG0003415	1	1
OG0003416	2	2
OG0003417	1	1
OG0003418	2	2
OG0003419	2	2
OG0003420	2	2
OG0003421	2	2
OG0003422	1	1
OG0003423	1	1
OG0003424	2	2
OG0003425	2	2
OG0003426	1	1
OG0003427	2	2
OG0003428	2	2
OG0003429	3	3
OG0003430	2	2
OG0003431	1	1
OG0003432	1	1
OG0003433	2	2
OG0003434	2	2
OG0003435	2	2
OG0003436	2	2
OG0003437	1	1
OG0003438	1	1
OG0003439	2	2
OG0003440	2	2
OG0003441	1	1
OG0003442	1	1
OG0003443	2	2
OG0003444	2	2
OG0003445	2	2
OG0003446	1	1
OG0003447	1	1
OG0003448	1	1
OG0003449	2	2
OG0003450	1	1
OG0003451	2	2
OG0003452	2	2
OG0003453	2	2
OG0003454	2	2
OG0003455	2	2
OG0003456	1	1
OG0003457	2	2
OG0003458	1	1
OG0003459	2	2
OG0003460	2	2
OG0003461	2	2
OG0003462	2	2
OG0003463	1	1
OG0003464	2	2
OG0003465	1	1
OG0003466	2	2
OG0003467	3	3
OG0003468	3	3
OG0003469	3	3
OG0003470	2	2
OG0003471	2	2
OG0003472	2	2
OG0003473	2	2
OG0003474	2	2
OG0003475	2	2
OG0003476	2	2
OG0003477	2	2
OG0003478	1	1
OG0003479	1	1
OG0003480	1	1
OG0003481	2	2
OG0003482	2	2
OG0003483	1	1
OG0003484	2	2
OG0003485	2	2
OG0003486	3	3
OG0003487	2	2
OG0003488	2	2
OG0003489	3	3
OG0003490	3	3
OG0003491	1	1
OG0003492	1	1
OG0003493	2	2
OG0003494	1	1
OG0003495	2	2
OG0003496	2	2
OG0003497	2	2
OG0003498	2	2
OG0003499	1	1
OG0003500	1	1
OG0003501	1	1
OG0003502	2	2
OG0003503	2	2
OG0003504	2	2
OG0003505	1	1
OG0003506	1	1
OG0003507	1	1
OG0003508	1	1
OG0003509	2	2
OG0003510	1	1
OG0003511	1	1
OG0003512	1	1
OG0003513	1	1
OG0003514	1	1
OG0003515	1	1
OG0003516	1	1
OG0003517	1	1
OG0003518	2	2
OG0003519	1	1
OG0003520	1	1
OG0003521	3	3
OG0003522	2	2
OG0003523	2	2
OG0003524	1	1
OG0003525	2	2
OG0003526	1	1
OG0003527	2	2
OG0003528	1	1
OG0003529	1	1
OG0003530	1	1
OG0003531	2	2
OG0003532	1	1
OG0003533	1	1
OG0003534	2	2
OG0003535	1	1
OG0003536	1	1
OG0003537	1	1
OG0003538	2	2
OG0003539	2	2
OG0003540	1	1
OG0003541	1	1
OG0003542	1	1
OG0003543	2	2
OG0003544	1	1
OG0003545	1	1
OG0003546	2	2
OG0003547	1	1
OG0003548	3	3
OG0003549	1	1
OG0003550	1	1
OG0003551	2	2
OG0003552	2	2
OG0003553	1	1
OG0003554	2	2
OG0003555	2	2
OG0003556	2	2
OG0003557	1	1
OG0003558	1	1
OG0003559	1	1
OG0003560	1	1
OG0003561	2	2
OG0003562	1	1
OG0003563	2	2
OG0003564	2	2
OG0003565	1	1
OG0003566	1	1
OG0003567	2	2
OG0003568	2	2
OG0003569	1	1
OG0003570	2	2
OG0003571	3	3
OG0003572	2	2
OG0003573	2	2
OG0003574	2	2
OG0003575	1	1
OG0003576	1	1
OG0003577	1	1
OG0003578	2	2
OG0003579	2	2
OG0003580	3	3
OG0003581	1	1
OG0003582	1	1
OG0003583	2	2
OG0003584	1	1
OG0003585	1	1
OG0003586	2	2
OG0003587	2	2
OG0003588	1	1
OG0003589	1	1
OG0003590	1	1
OG0003591	2	2
OG0003592	2	2
OG0003593	2	2
OG0003594	3	3
OG0003595	2	2
OG0003596	2	2
OG0003597	2	2
OG0003598	2	2
OG0003599	2	2
OG0003600	1	1
OG0003601	1	1
OG0003602	1	1
OG0003603	1	1
OG0003604	1	1
OG0003605	1	1
OG0003606	1	1
OG0003607	2	2
OG0003608	2	2
OG0003609	1	1
OG0003610	2	2
OG0003611	1	1
OG0003612	2	2
OG0003613	1	1
OG0003614	2	2
OG0003615	1	1
OG0003616	2	2
OG0003617	2	2
OG0003618	3	3
OG0003619	1	1
OG0003620	1	1
OG0003621	1	1
OG0003622	2	2
OG0003623	2	2
OG0003624	2	2
OG0003625	1	1
OG0003626	2	2
OG0003627	2	2
OG0003628	2	2
OG0003629	1	1
OG0003630	2	2
OG0003631	2	2
OG0003632	1	1
OG0003633	1	1
OG0003634	1	1
OG0003635	2	2
OG0003636	2	2
OG0003637	1	1
OG0003638	1	1
OG0003639	1	1
OG0003640	1	1
OG0003641	1	1
OG0003642	1	1
OG0003643	1	1
OG0003644	1	1
OG0003645	1	1
OG0003646	2	2
OG0003647	1	1
OG0003648	1	1
OG0003649	1	1
OG0003650	1	1
OG0003651	1	1
OG0003652	1	1
OG0003653	1	1
OG0003654	2	2
OG0003655	2	2
OG0003656	2	2
OG0003657	2	2
OG0003658	1	1
OG0003659	2	2
OG0003660	3	3
OG0003661	2	2
OG0003662	1	1
OG0003663	2	2
OG0003664	2	2
OG0003665	1	1
OG0003666	2	2
OG0003667	1	1
OG0003668	2	2
OG0003669	2	2
OG0003670	2	2
OG0003671	1	1
OG0003672	1	1
OG0003673	1	1
OG0003674	2	2
OG0003675	2	2
OG0003676	2	2
OG0003677	2	2
OG0003678	1	1
OG0003679	2	2
OG0003680	2	2
OG0003681	2	2
OG0003682	2	2
OG0003683	2	2
OG0003684	2	2
OG0003685	1	1
OG0003686	2	2
OG0003687	2	2
OG0003688	2	2
OG0003689	1	1
OG0003690	2	2
OG0003691	1	1
OG0003692	2	2
OG0003693	1	1
OG0003694	1	1
OG0003695	2	2
OG0003696	1	1
OG0003697	1	1
OG0003698	2	2
OG0003699	1	1
OG0003700	2	2
OG0003701	2	2
OG0003702	2	2
OG0003703	2	2
OG0003704	1	1
OG0003705	1	1
OG0003706	2	2
OG0003707	1	1
OG0003708	1	1
OG0003709	2	2
OG0003710	2	2
OG0003711	2	2
OG0003712	2	2
OG0003713	2	2
OG0003714	2	2
OG0003715	2	2
OG0003716	2	2
OG0003717	2	2
OG0003718	2	2
OG0003719	2	2
OG0003720	2	2
OG0003721	2	2
OG0003722	2	2
OG0003723	2	2
OG0003724	2	2
OG0003725	1	1
OG0003726	2	2
OG0003727	2	2
OG0003728	2	2
OG0003729	2	2
OG0003730	2	2
OG0003731	2	2
OG0003732	1	1
OG0003733	1	1
OG0003734	3	3
OG0003735	2	2
OG0003736	1	1
OG0003737	2	2
OG0003738	2	2
OG0003739	2	2
OG0003740	1	1
OG0003741	1	1
OG0003742	2	2
OG0003743	2	2
OG0003744	2	2
OG0003745	2	2
OG0003746	1	1
OG0003747	1	1
OG0003748	1	1
OG0003749	3	3
OG0003750	1	1
OG0003751	1	1
OG0003752	2	2
OG0003753	1	1
OG0003754	2	2
OG0003755	1	1
OG0003756	2	2
OG0003757	1	1
OG0003758	1	1
OG0003759	1	1
OG0003760	1	1
OG0003761	1	1
OG0003762	1	1
OG0003763	1	1
OG0003764	1	1
OG0003765	3	3
OG0003766	2	2
OG0003767	2	2
OG0003768	2	2
OG0003769	2	2
OG0003770	1	1
OG0003771	1	1
OG0003772	1	1
OG0003773	1	1
OG0003774	1	1
OG0003775	1	1
OG0003776	2	2
OG0003777	2	2
OG0003778	2	2
OG0003779	2	2
OG0003780	1	1
OG0003781	1	1
OG0003782	1	1
OG0003783	1	1
OG0003784	1	1
OG0003785	2	2
OG0003786	2	2
OG0003787	1	1
OG0003788	2	2
OG0003789	1	1
OG0003790	2	2
OG0003791	1	1
OG0003792	1	1
OG0003793	1	1
OG0003794	2	2
OG0003795	1	1
OG0003796	1	1
OG0003797	2	2
OG0003798	1	1
OG0003799	2	2
OG0003800	1	1
OG0003801	1	1
OG0003802	1	1
OG0003803	1	1
OG0003804	1	1
OG0003805	1	1
OG0003806	1	1
OG0003807	3	3
OG0003808	1	1
OG0003809	2	2
OG0003810	2	2
OG0003811	1	1
OG0003812	1	1
OG0003813	2	2
OG0003814	2	2
OG0003815	1	1
OG0003816	2	2
OG0003817	1	1
OG0003818	1	1
OG0003819	1	1
OG0003820	2	2
OG0003821	2	2
OG0003822	1	1
OG0003823	2	2
OG0003824	2	2
OG0003825	2	2
OG0003826	2	2
OG0003827	1	1
OG0003828	1	1
OG0003829	2	2
OG0003830	2	2
OG0003831	2	2
OG0003832	1	1
OG0003833	2	2
OG0003834	1	1
OG0003835	1	1
OG0003836	2	2
OG0003837	1	1
OG0003838	2	2
OG0003839	1	1
OG0003840	1	1
OG0003841	1	1
OG0003842	1	1
OG0003843	1	1
OG0003844	1	1
OG0003845	1	1
OG0003846	1	1
OG0003847	2	2
OG0003848	3	3
OG0003849	2	2
OG0003850	2	2
OG0003851	2	2
OG0003852	2	2
OG0003853	3	3
OG0003854	2	2
OG0003855	1	1
OG0003856	2	2
OG0003857	2	2
OG0003858	3	3
OG0003859	2	2
OG0003860	2	2
OG0003861	2	2
OG0003862	3	3
OG0003863	2	2
OG0003864	2	2
OG0003865	2	2
OG0003866	2	2
OG0003867	2	2
OG0003868	2	2
OG0003869	1	1
OG0003870	1	1
OG0003871	1	1
OG0003872	1	1
OG0003873	1	1
OG0003874	2	2
OG0003875	2	2
OG0003876	3	3
OG0003877	2	2
OG0003878	2	2
OG0003879	1	1
OG0003880	2	2
OG0003881	2	2
OG0003882	1	1
OG0003883	1	1
OG0003884	1	1
OG0003885	1	1
OG0003886	1	1
OG0003887	1	1
OG0003888	2	2
OG0003889	2	2
OG0003890	2	2
OG0003891	1	1
OG0003892	1	1
OG0003893	2	2
OG0003894	2	2
OG0003895	2	2
OG0003896	2	2
OG0003897	2	2
OG0003898	2	2
OG0003899	1	1
OG0003900	2	2
OG0003901	1	1
OG0003902	2	2
OG0003903	2	2
OG0003904	2	2
OG0003905	1	1
OG0003906	1	1
OG0003907	2	2
OG0003908	2	2
OG0003909	2	2
OG0003910	1	1
OG0003911	1	1
OG0003912	2	2
OG0003913	2	2
OG0003914	1	1
OG0003915	2	2
OG0003916	2	2
OG0003917	1	1
OG0003918	2	2
OG0003919	2	2
OG0003920	2	2
OG0003921	1	1
OG0003922	2	2
OG0003923	1	1
OG0003924	1	1
OG0003925	2	2
OG0003926	2	2
OG0003927	1	1
OG0003928	1	1
OG0003929	2	2
OG0003930	1	1
OG0003931	2	2
OG0003932	1	1
OG0003933	1	1
OG0003934	2	2
OG0003935	2	2
OG0003936	2	2
OG0003937	2	2
OG0003938	1	1
OG0003939	1	1
OG0003940	1	1
OG0003941	2	2
OG0003942	1	1
OG0003943	1	1
OG0003944	1	1
OG0003945	3	3
OG0003946	1	1
OG0003947	1	1
OG0003948	2	2
OG0003949	1	1
OG0003950	1	1
OG0003951	1	1
OG0003952	1	1
OG0003953	2	2
OG0003954	2	2
OG0003955	2	2
OG0003956	3	3
OG0003957	2	2
OG0003958	2	2
OG0003959	1	1
OG0003960	1	1
OG0003961	2	2
OG0003962	1	1
OG0003963	1	1
OG0003964	1	1
OG0003965	2	2
OG0003966	2	2
OG0003967	2	2
OG0003968	2	2
OG0003969	2	2
OG0003970	2	2
OG0003971	2	2
OG0003972	2	2
OG0003973	2	2
OG0003974	2	2
OG0003975	1	1
OG0003976	2	2
OG0003977	1	1
OG0003978	2	2
OG0003979	2	2
OG0003980	2	2
OG0003981	2	2
OG0003982	2	2
OG0003983	2	2
OG0003984	2	2
OG0003985	2	2
OG0003986	2	2
OG0003987	3	3
OG0003988	2	2
OG0003989	2	2
OG0003990	2	2
OG0003991	2	2
OG0003992	1	1
OG0003993	2	2
OG0003994	2	2
OG0003995	1	1
OG0003996	2	2
OG0003997	2	2
OG0003998	2	2
OG0003999	1	1
OG0004000	2	2
OG0004001	2	2
OG0004002	2	2
OG0004003	2	2
OG0004004	1	1
OG0004005	1	1
OG0004006	2	2
OG0004007	2	2
OG0004008	1	1
OG0004009	2	2
OG0004010	2	2
OG0004011	2	2
OG0004012	1	1
OG0004013	1	1
OG0004014	2	2
OG0004015	2	2
OG0004016	2	2
OG0004017	1	1
OG0004018	2	2
OG0004019	3	3
OG0004020	2	2
OG0004021	2	2
OG0004022	2	2
OG0004023	3	3
OG0004024	2	2
OG0004025	3	3
OG0004026	2	2
OG0004027	2	2
OG0004028	2	2
OG0004029	3	3
OG0004030	2	2
OG0004031	3	3
OG0004032	2	2
OG0004033	2	2
OG0004034	2	2
OG0004035	1	1
OG0004036	2	2
OG0004037	1	1
OG0004038	1	1
OG0004039	1	1
OG0004040	2	2
OG0004041	2	2
OG0004042	1	1
OG0004043	1	1
OG0004044	1	1
OG0004045	2	2
OG0004046	2	2
OG0004047	1	1
OG0004048	1	1
OG0004049	2	2
OG0004050	1	1
OG0004051	2	2
OG0004052	2	2
OG0004053	2	2
OG0004054	2	2
OG0004055	2	2
OG0004056	2	2
OG0004057	2	2
OG0004058	2	2
OG0004059	2	2
OG0004060	2	2
OG0004061	2	2
OG0004062	2	2
OG0004063	2	2
OG0004064	1	1
OG0004065	2	2
OG0004066	2	2
OG0004067	2	2
OG0004068	2	2
OG0004069	2	2
OG0004070	2	2
OG0004071	2	2
OG0004072	2	2
OG0004073	1	1
OG0004074	2	2
OG0004075	2	2
OG0004076	2	2
OG0004077	2	2
OG0004078	2	2
OG0004079	2	2
OG0004080	1	1
OG0004081	2	2
OG0004082	2	2
OG0004083	1	1
OG0004084	2	2
OG0004085	2	2
OG0004086	2	2
OG0004087	2	2
OG0004088	3	3
OG0004089	3	3
OG0004090	2	2
OG0004091	2	2
OG0004092	2	2
OG0004093	2	2
OG0004094	2	2
OG0004095	2	2
OG0004096	2	2
OG0004097	2	2
OG0004098	2	2
OG0004099	2	2
OG0004100	2	2
OG0004101	2	2
OG0004102	2	2
OG0004103	2	2
OG0004104	2	2
OG0004105	2	2
OG0004106	1	1
OG0004107	1	1
OG0004108	1	1
OG0004109	2	2
OG0004110	2	2
OG0004111	2	2
OG0004112	2	2
OG0004113	2	2
OG0004114	2	2
OG0004115	2	2
OG0004116	2	2
OG0004117	2	2
OG0004118	2	2
OG0004119	2	2
OG0004120	2	2
OG0004121	2	2
OG0004122	2	2
OG0004123	2	2
OG0004124	2	2
OG0004125	2	2
OG0004126	2	2
OG0004127	2	2
OG0004128	2	2
OG0004129	2	2
OG0004130	1	1
OG0004131	2	2
OG0004132	2	2
OG0004133	2	2
OG0004134	2	2
OG0004135	2	2
OG0004136	1	1
OG0004137	2	2
OG0004138	2	2
OG0004139	2	2
OG0004140	2	2
OG0004141	2	2
OG0004142	1	1
OG0004143	2	2
OG0004144	2	2
OG0004145	2	2
OG0004146	2	2
OG0004147	2	2
OG0004148	2	2
OG0004149	2	2
OG0004150	2	2
OG0004151	2	2
OG0004152	3	3
OG0004153	3	3
OG0004154	3	3
OG0004155	3	3
OG0004156	3	3
OG0004157	3	3
OG0004158	3	3
OG0004159	3	3
OG0004160	3	3
OG0004161	3	3
OG0004162	3	3
OG0004163	3	3
OG0004164	3	3
OG0004165	3	3
OG0004166	3	3
OG0004167	3	3
OG0004168	3	3
OG0004169	3	3
OG0004170	3	3
OG0004171	3	3
OG0004172	3	3
OG0004173	3	3
OG0004174	3	3
OG0004175	3	3
OG0004176	3	3
OG0004177	3	3
OG0004178	3	3
OG0004179	3	3
OG0004180	3	3
OG0004181	3	3
OG0004182	3	3
OG0004183	3	3
OG0004184	3	3
OG0004185	3	3
OG0004186	3	3
OG0004187	3	3
OG0004188	3	3
OG0004189	3	3
OG0004190	3	3
OG0004191	3	3
OG0004192	3	3
OG0004193	3	3
OG0004194	3	3
OG0004195	3	3
OG0004196	3	3
OG0004197	3	3
OG0004198	3	3
OG0004199	3	3
OG0004200	3	3
OG0004201	3	3
OG0004202	3	3
OG0004203	3	3
OG0004204	3	3
OG0004205	3	3
OG0004206	3	3
OG0004207	3	3
OG0004208	3	3
OG0004209	3	3
OG0004210	3	3
OG0004211	3	3
OG0004212	3	3
OG0004213	3	3
OG0004214	3	3
OG0004215	3	3
OG0004216	3	3
OG0004217	3	3
OG0004218	3	3
OG0004219	3	3
OG0004220	3	3
OG0004221	3	3
OG0004222	3	3
OG0004223	3	3
OG0004224	3	3
OG0004225	3	3
OG0004226	3	3
OG0004227	3	3
OG0004228	3	3
OG0004229	3	3
OG0004230	3	3
OG0004231	3	3
OG0004232	3	3
OG0004233	3	3
OG0004234	3	3
OG0004235	3	3
OG0004236	3	3
OG0004237	3	3
OG0004238	3	3
OG0004239	3	3
OG0004240	3	3
OG0004241	3	3
OG0004242	3	3
OG0004243	3	3
